--
-- PostgreSQL database dump
--

-- Dumped from database version 9.6.3
-- Dumped by pg_dump version 9.6.3

SET statement_timeout = 0;
SET lock_timeout = 0;
SET idle_in_transaction_session_timeout = 0;
SET client_encoding = 'UTF8';
SET standard_conforming_strings = on;
SET check_function_bodies = false;
SET client_min_messages = warning;
SET row_security = off;

--
-- Name: plpgsql; Type: EXTENSION; Schema: -; Owner: 
--

CREATE EXTENSION IF NOT EXISTS plpgsql WITH SCHEMA pg_catalog;


--
-- Name: EXTENSION plpgsql; Type: COMMENT; Schema: -; Owner: 
--

COMMENT ON EXTENSION plpgsql IS 'PL/pgSQL procedural language';


SET search_path = public, pg_catalog;

SET default_tablespace = '';

SET default_with_oids = false;

--
-- Name: ar_internal_metadata; Type: TABLE; Schema: public; Owner: gstark
--

CREATE TABLE ar_internal_metadata (
    key character varying NOT NULL,
    value character varying,
    created_at timestamp without time zone NOT NULL,
    updated_at timestamp without time zone NOT NULL
);


ALTER TABLE ar_internal_metadata OWNER TO gstark;

--
-- Name: authors; Type: TABLE; Schema: public; Owner: gstark
--

CREATE TABLE authors (
    id integer NOT NULL,
    name character varying,
    created_at timestamp without time zone NOT NULL,
    updated_at timestamp without time zone NOT NULL
);


ALTER TABLE authors OWNER TO gstark;

--
-- Name: authors_id_seq; Type: SEQUENCE; Schema: public; Owner: gstark
--

CREATE SEQUENCE authors_id_seq
    START WITH 1
    INCREMENT BY 1
    NO MINVALUE
    NO MAXVALUE
    CACHE 1;


ALTER TABLE authors_id_seq OWNER TO gstark;

--
-- Name: authors_id_seq; Type: SEQUENCE OWNED BY; Schema: public; Owner: gstark
--

ALTER SEQUENCE authors_id_seq OWNED BY authors.id;


--
-- Name: authorships; Type: TABLE; Schema: public; Owner: gstark
--

CREATE TABLE authorships (
    id integer NOT NULL,
    author_id integer,
    book_id integer,
    created_at timestamp without time zone NOT NULL,
    updated_at timestamp without time zone NOT NULL
);


ALTER TABLE authorships OWNER TO gstark;

--
-- Name: authorships_id_seq; Type: SEQUENCE; Schema: public; Owner: gstark
--

CREATE SEQUENCE authorships_id_seq
    START WITH 1
    INCREMENT BY 1
    NO MINVALUE
    NO MAXVALUE
    CACHE 1;


ALTER TABLE authorships_id_seq OWNER TO gstark;

--
-- Name: authorships_id_seq; Type: SEQUENCE OWNED BY; Schema: public; Owner: gstark
--

ALTER SEQUENCE authorships_id_seq OWNED BY authorships.id;


--
-- Name: books; Type: TABLE; Schema: public; Owner: gstark
--

CREATE TABLE books (
    id integer NOT NULL,
    title character varying,
    year integer,
    url character varying,
    prices character varying,
    editor character varying,
    created_at timestamp without time zone NOT NULL,
    updated_at timestamp without time zone NOT NULL
);


ALTER TABLE books OWNER TO gstark;

--
-- Name: books_id_seq; Type: SEQUENCE; Schema: public; Owner: gstark
--

CREATE SEQUENCE books_id_seq
    START WITH 1
    INCREMENT BY 1
    NO MINVALUE
    NO MAXVALUE
    CACHE 1;


ALTER TABLE books_id_seq OWNER TO gstark;

--
-- Name: books_id_seq; Type: SEQUENCE OWNED BY; Schema: public; Owner: gstark
--

ALTER SEQUENCE books_id_seq OWNED BY books.id;


--
-- Name: categories; Type: TABLE; Schema: public; Owner: gstark
--

CREATE TABLE categories (
    id integer NOT NULL,
    name character varying,
    created_at timestamp without time zone NOT NULL,
    updated_at timestamp without time zone NOT NULL
);


ALTER TABLE categories OWNER TO gstark;

--
-- Name: categories_id_seq; Type: SEQUENCE; Schema: public; Owner: gstark
--

CREATE SEQUENCE categories_id_seq
    START WITH 1
    INCREMENT BY 1
    NO MINVALUE
    NO MAXVALUE
    CACHE 1;


ALTER TABLE categories_id_seq OWNER TO gstark;

--
-- Name: categories_id_seq; Type: SEQUENCE OWNED BY; Schema: public; Owner: gstark
--

ALTER SEQUENCE categories_id_seq OWNED BY categories.id;


--
-- Name: categorizations; Type: TABLE; Schema: public; Owner: gstark
--

CREATE TABLE categorizations (
    id integer NOT NULL,
    category_id integer,
    book_id integer,
    created_at timestamp without time zone NOT NULL,
    updated_at timestamp without time zone NOT NULL
);


ALTER TABLE categorizations OWNER TO gstark;

--
-- Name: categorizations_id_seq; Type: SEQUENCE; Schema: public; Owner: gstark
--

CREATE SEQUENCE categorizations_id_seq
    START WITH 1
    INCREMENT BY 1
    NO MINVALUE
    NO MAXVALUE
    CACHE 1;


ALTER TABLE categorizations_id_seq OWNER TO gstark;

--
-- Name: categorizations_id_seq; Type: SEQUENCE OWNED BY; Schema: public; Owner: gstark
--

ALTER SEQUENCE categorizations_id_seq OWNED BY categorizations.id;


--
-- Name: schema_migrations; Type: TABLE; Schema: public; Owner: gstark
--

CREATE TABLE schema_migrations (
    version character varying NOT NULL
);


ALTER TABLE schema_migrations OWNER TO gstark;

--
-- Name: authors id; Type: DEFAULT; Schema: public; Owner: gstark
--

ALTER TABLE ONLY authors ALTER COLUMN id SET DEFAULT nextval('authors_id_seq'::regclass);


--
-- Name: authorships id; Type: DEFAULT; Schema: public; Owner: gstark
--

ALTER TABLE ONLY authorships ALTER COLUMN id SET DEFAULT nextval('authorships_id_seq'::regclass);


--
-- Name: books id; Type: DEFAULT; Schema: public; Owner: gstark
--

ALTER TABLE ONLY books ALTER COLUMN id SET DEFAULT nextval('books_id_seq'::regclass);


--
-- Name: categories id; Type: DEFAULT; Schema: public; Owner: gstark
--

ALTER TABLE ONLY categories ALTER COLUMN id SET DEFAULT nextval('categories_id_seq'::regclass);


--
-- Name: categorizations id; Type: DEFAULT; Schema: public; Owner: gstark
--

ALTER TABLE ONLY categorizations ALTER COLUMN id SET DEFAULT nextval('categorizations_id_seq'::regclass);


--
-- Data for Name: ar_internal_metadata; Type: TABLE DATA; Schema: public; Owner: gstark
--

COPY ar_internal_metadata (key, value, created_at, updated_at) FROM stdin;
environment	development	2016-12-21 11:36:00.131292	2016-12-21 11:36:00.131292
\.


--
-- Data for Name: authors; Type: TABLE DATA; Schema: public; Owner: gstark
--

COPY authors (id, name, created_at, updated_at) FROM stdin;
1	Sandi Metz	2016-12-21 11:36:00.310679	2016-12-21 11:36:00.310679
2	Katrina Owen	2016-12-21 11:36:00.322575	2016-12-21 11:36:00.322575
3	Brad Ediger	2016-12-21 11:36:00.441885	2016-12-21 11:36:00.441885
4	Sam Ruby	2016-12-21 11:36:00.484048	2016-12-21 11:36:00.484048
5	Dave Thomas	2016-12-21 11:36:00.493642	2016-12-21 11:36:00.493642
6	David Heinemeier Hansson	2016-12-21 11:36:00.503214	2016-12-21 11:36:00.503214
7	Scott Raymond	2016-12-21 11:36:00.56336	2016-12-21 11:36:00.56336
8	Jonathan Birkholz	2016-12-21 11:36:00.597236	2016-12-21 11:36:00.597236
9	Jesse Wolgamott	2016-12-21 11:36:00.606274	2016-12-21 11:36:00.606274
10	Abraham Kuri Vargas	2016-12-21 11:36:00.644372	2016-12-21 11:36:00.644372
11	Matthew Robbins	2016-12-21 11:36:00.688023	2016-12-21 11:36:00.688023
12	Javier Ramírez	2016-12-21 11:36:00.719343	2016-12-21 11:36:00.719343
13	thoughtbot	2016-12-21 11:36:00.750075	2016-12-21 11:36:00.750075
14	Stefan Haflidason	2016-12-21 11:36:00.781167	2016-12-21 11:36:00.781167
15	Andre Lewis	2016-12-21 11:36:00.816233	2016-12-21 11:36:00.816233
16	Cameron Turner	2016-12-21 11:36:00.825951	2016-12-21 11:36:00.825951
17	Jeffrey Sambells	2016-12-21 11:36:00.83579	2016-12-21 11:36:00.83579
18	Michael Purvis	2016-12-21 11:36:00.844372	2016-12-21 11:36:00.844372
19	Rida Al Barazi	2016-12-21 11:36:00.870917	2016-12-21 11:36:00.870917
20	Cloves Carneiro Jr.	2016-12-21 11:36:00.880172	2016-12-21 11:36:00.880172
21	Adam Gamble	2016-12-21 11:36:00.920284	2016-12-21 11:36:00.920284
22	Cloves Carneiro Jr	2016-12-21 11:36:00.92938	2016-12-21 11:36:00.92938
23	Hampton Catlin	2016-12-21 11:36:00.959329	2016-12-21 11:36:00.959329
24	Jeffrey Allan Hardy	2016-12-21 11:36:00.968487	2016-12-21 11:36:00.968487
25	Jarkko Laine	2016-12-21 11:36:00.997583	2016-12-21 11:36:00.997583
26	Christian Hellsten	2016-12-21 11:36:01.00692	2016-12-21 11:36:01.00692
27	Steve Holzner	2016-12-21 11:36:01.042102	2016-12-21 11:36:01.042102
28	Peter Cooper	2016-12-21 11:36:01.072283	2016-12-21 11:36:01.072283
29	James Edward Gray II	2016-12-21 11:36:01.099588	2016-12-21 11:36:01.099588
30	Syed Fazle Rahman	2016-12-21 11:36:01.124522	2016-12-21 11:36:01.124522
31	Brandon Hilker	2016-12-21 11:36:01.155108	2016-12-21 11:36:01.155108
32	David Bryant Copeland	2016-12-21 11:36:01.185563	2016-12-21 11:36:01.185563
33	Michael Trojanek	2016-12-21 11:36:01.216312	2016-12-21 11:36:01.216312
34	K-2052	2016-12-21 11:36:01.249943	2016-12-21 11:36:01.249943
35	A P Rajshekhar	2016-12-21 11:36:01.280364	2016-12-21 11:36:01.280364
36	Tom Mornini	2016-12-21 11:36:01.308294	2016-12-21 11:36:01.308294
37	Marc Loy	2016-12-21 11:36:01.318537	2016-12-21 11:36:01.318537
38	Jim Gay	2016-12-21 11:36:01.345823	2016-12-21 11:36:01.345823
39	Chang Sau Sheong	2016-12-21 11:36:01.373862	2016-12-21 11:36:01.373862
40	Ophir Frieder	2016-12-21 11:36:01.405406	2016-12-21 11:36:01.405406
41	Gideon Frieder	2016-12-21 11:36:01.414169	2016-12-21 11:36:01.414169
42	David Grossman	2016-12-21 11:36:01.428718	2016-12-21 11:36:01.428718
43	Avdi Grimm	2016-12-21 11:36:01.446649	2016-12-21 11:36:01.446649
44	José Valim	2016-12-21 11:36:01.470453	2016-12-21 11:36:01.470453
45	Serdar Dogruyol	2016-12-21 11:36:01.52295	2016-12-21 11:36:01.52295
46	Barret Clark	2016-12-21 11:36:01.557228	2016-12-21 11:36:01.557228
47	Ryan Bigg	2016-12-21 11:36:01.584069	2016-12-21 11:36:01.584069
48	John B. Wyatt IV	2016-12-21 11:36:01.614655	2016-12-21 11:36:01.614655
49	Ezra Zygmuntowicz	2016-12-21 11:36:01.643413	2016-12-21 11:36:01.643413
50	Bruce Tate	2016-12-21 11:36:01.653116	2016-12-21 11:36:01.653116
51	Clinton Begin	2016-12-21 11:36:01.662664	2016-12-21 11:36:01.662664
52	Tom Copeland	2016-12-21 11:36:01.690602	2016-12-21 11:36:01.690602
53	Anthony Burns	2016-12-21 11:36:01.699654	2016-12-21 11:36:01.699654
54	Joe Kutner	2016-12-21 11:36:01.724627	2016-12-21 11:36:01.724627
55	Russ Olsen	2016-12-21 11:36:01.777663	2016-12-21 11:36:01.777663
56	Tomas Varaneckas	2016-12-21 11:36:01.805583	2016-12-21 11:36:01.805583
57	Mark Bates	2016-12-21 11:36:01.839758	2016-12-21 11:36:01.839758
58	W. Jason Gilmore	2016-12-21 11:36:01.863354	2016-12-21 11:36:01.863354
59	Peter J. Jones	2016-12-21 11:36:01.898844	2016-12-21 11:36:01.898844
60	Andrew Allen	2016-12-21 11:36:01.929121	2016-12-21 11:36:01.929121
61	Maik Schmidt	2016-12-21 11:36:01.969312	2016-12-21 11:36:01.969312
62	Dan Chak	2016-12-21 11:36:01.997119	2016-12-21 11:36:01.997119
63	Aaron Sumner	2016-12-21 11:36:02.046708	2016-12-21 11:36:02.046708
64	Brian Marick	2016-12-21 11:36:02.077144	2016-12-21 11:36:02.077144
65	Sau Sheong Chang	2016-12-21 11:36:02.133274	2016-12-21 11:36:02.133274
66	Zach Campbell	2016-12-21 11:36:02.160893	2016-12-21 11:36:02.160893
67	Andrzej Krzywda	2016-12-21 11:36:02.1864	2016-12-21 11:36:02.1864
68	Tony Hillerson	2016-12-21 11:36:02.225296	2016-12-21 11:36:02.225296
69	Daniel Wanja	2016-12-21 11:36:02.234432	2016-12-21 11:36:02.234432
70	Eldon Alameda	2016-12-21 11:36:02.26632	2016-12-21 11:36:02.26632
71	Bruce A. Tate	2016-12-21 11:36:02.293514	2016-12-21 11:36:02.293514
72	Marcin Grzywaczewski	2016-12-21 11:36:02.325523	2016-12-21 11:36:02.325523
73	Koen Handekyn	2016-12-21 11:36:02.356355	2016-12-21 11:36:02.356355
74	Lyle Johnson	2016-12-21 11:36:02.387976	2016-12-21 11:36:02.387976
75	Josh Clayton	2016-12-21 11:36:02.419402	2016-12-21 11:36:02.419402
76	Laila Winner	2016-12-21 11:36:02.428626	2016-12-21 11:36:02.428626
77	Henning Koch	2016-12-21 11:36:02.457718	2016-12-21 11:36:02.457718
78	Thomas Eisenbarth	2016-12-21 11:36:02.466751	2016-12-21 11:36:02.466751
79	David Griffiths	2016-12-21 11:36:02.494416	2016-12-21 11:36:02.494416
80	Jay McGraven	2016-12-21 11:36:02.524981	2016-12-21 11:36:02.524981
81	Karthikeyan A K	2016-12-21 11:36:02.552708	2016-12-21 11:36:02.552708
82	Hunter Powers	2016-12-21 11:36:02.579988	2016-12-21 11:36:02.579988
83	Charles Feduke	2016-12-21 11:36:02.6098	2016-12-21 11:36:02.6098
84	Dave Jones	2016-12-21 11:36:02.637115	2016-12-21 11:36:02.637115
85	Gant Laborde	2016-12-21 11:36:02.664549	2016-12-21 11:36:02.664549
86	Joe Yates	2016-12-21 11:36:02.692408	2016-12-21 11:36:02.692408
87	Kingsley Ijomah	2016-12-21 11:36:02.719873	2016-12-21 11:36:02.719873
88	Jessie Young	2016-12-21 11:36:02.747607	2016-12-21 11:36:02.747607
89	Shay Friedman	2016-12-21 11:36:02.772689	2016-12-21 11:36:02.772689
90	Justin Edelson	2016-12-21 11:36:02.803405	2016-12-21 11:36:02.803405
91	Henry Liu	2016-12-21 11:36:02.812523	2016-12-21 11:36:02.812523
92	Deepak Vohra	2016-12-21 11:36:02.836624	2016-12-21 11:36:02.836624
93	Andy Hawthorne	2016-12-21 11:36:02.866625	2016-12-21 11:36:02.866625
94	Darren Jones	2016-12-21 11:36:02.892338	2016-12-21 11:36:02.892338
95	Reginald Braithwaite	2016-12-21 11:36:02.915311	2016-12-21 11:36:02.915311
96	Mark Sobkowicz	2016-12-21 11:36:02.945279	2016-12-21 11:36:02.945279
97	Daniel Kehoe	2016-12-21 11:36:02.96881	2016-12-21 11:36:02.96881
98	Zhimin Zhan	2016-12-21 11:36:02.995792	2016-12-21 11:36:02.995792
99	Courtney Zhan	2016-12-21 11:36:03.004648	2016-12-21 11:36:03.004648
100	Zed Shaw	2016-12-21 11:36:03.026817	2016-12-21 11:36:03.026817
101	Chris Pine	2016-12-21 11:36:03.056907	2016-12-21 11:36:03.056907
102	Giovanni Sakti	2016-12-21 11:36:03.108698	2016-12-21 11:36:03.108698
103	Hafiz Badrie Lubis	2016-12-21 11:36:03.11769	2016-12-21 11:36:03.11769
104	Nia Mutiara	2016-12-21 11:36:03.127403	2016-12-21 11:36:03.127403
105	Gautam Rege	2016-12-21 11:36:03.153032	2016-12-21 11:36:03.153032
106	Simon St. Laurent	2016-12-21 11:36:03.183709	2016-12-21 11:36:03.183709
107	Edd Dumbill	2016-12-21 11:36:03.193285	2016-12-21 11:36:03.193285
108	Eric J Gruber	2016-12-21 11:36:03.20315	2016-12-21 11:36:03.20315
109	J. Mark Locklear	2016-12-21 11:36:03.228907	2016-12-21 11:36:03.228907
110	Michael Fitzgerald	2016-12-21 11:36:03.254731	2016-12-21 11:36:03.254731
111	Sudeep Agarwal	2016-12-21 11:36:03.281968	2016-12-21 11:36:03.281968
112	Manoj Sehrawat	2016-12-21 11:36:03.291576	2016-12-21 11:36:03.291576
113	Suresh Mahadevan	2016-12-21 11:36:03.316382	2016-12-21 11:36:03.316382
114	Thibault Denizet	2016-12-21 11:36:03.34091	2016-12-21 11:36:03.34091
115	Pete Keen	2016-12-21 11:36:03.368859	2016-12-21 11:36:03.368859
116	Foy Savas	2016-12-21 11:36:03.394047	2016-12-21 11:36:03.394047
117	Paolo Perrotta	2016-12-21 11:36:03.428686	2016-12-21 11:36:03.428686
118	Matt Pelletier	2016-12-21 11:36:03.479459	2016-12-21 11:36:03.479459
119	Jeremy McAnally	2016-12-21 11:36:03.504656	2016-12-21 11:36:03.504656
120	Chris Kutler	2016-12-21 11:36:03.573169	2016-12-21 11:36:03.573169
121	Brian Leonard	2016-12-21 11:36:03.582906	2016-12-21 11:36:03.582906
122	Ola Bini	2016-12-21 11:36:03.638898	2016-12-21 11:36:03.638898
123	Nick Plante	2016-12-21 11:36:03.679007	2016-12-21 11:36:03.679007
124	David Berube	2016-12-21 11:36:03.688715	2016-12-21 11:36:03.688715
125	Alan Bradburne	2016-12-21 11:36:03.730924	2016-12-21 11:36:03.730924
126	Ben Scofield	2016-12-21 11:36:03.778854	2016-12-21 11:36:03.778854
127	André Ben Hamou	2016-12-21 11:36:03.808262	2016-12-21 11:36:03.808262
128	Topher Cyll	2016-12-21 11:36:03.856051	2016-12-21 11:36:03.856051
129	Justin Weiss	2016-12-21 11:36:03.88341	2016-12-21 11:36:03.88341
130	Chad Pytel	2016-12-21 11:36:03.910039	2016-12-21 11:36:03.910039
131	Jon Yurek	2016-12-21 11:36:03.919133	2016-12-21 11:36:03.919133
132	Kevin Marshall	2016-12-21 11:36:03.928835	2016-12-21 11:36:03.928835
133	Noel Rappin	2016-12-21 11:36:03.95671	2016-12-21 11:36:03.95671
134	Chad Fowler	2016-12-21 11:36:04.015713	2016-12-21 11:36:04.015713
135	Andy Hunt	2016-12-21 11:36:04.025393	2016-12-21 11:36:04.025393
136	Obie Fernandez	2016-12-21 11:36:04.167713	2016-12-21 11:36:04.167713
137	Saurabh Bhatia	2016-12-21 11:36:04.195529	2016-12-21 11:36:04.195529
138	Tammer Saleh	2016-12-21 11:36:04.267143	2016-12-21 11:36:04.267143
139	Giles Bowkett	2016-12-21 11:36:04.296841	2016-12-21 11:36:04.296841
140	Rob Orsini	2016-12-21 11:36:04.325351	2016-12-21 11:36:04.325351
141	Anthony Lewis	2016-12-21 11:36:04.355284	2016-12-21 11:36:04.355284
142	Jeff Cohen	2016-12-21 11:36:04.382808	2016-12-21 11:36:04.382808
143	Brian Eng	2016-12-21 11:36:04.392659	2016-12-21 11:36:04.392659
144	Stuart Halloway	2016-12-21 11:36:04.42811	2016-12-21 11:36:04.42811
145	Justin Gehtland	2016-12-21 11:36:04.437656	2016-12-21 11:36:04.437656
146	Curt Hibbs	2016-12-21 11:36:04.493795	2016-12-21 11:36:04.493795
147	Brian P. Hogan	2016-12-21 11:36:04.503272	2016-12-21 11:36:04.503272
148	Eric Berry	2016-12-21 11:36:04.548632	2016-12-21 11:36:04.548632
149	David A. Black	2016-12-21 11:36:04.599375	2016-12-21 11:36:04.599375
150	Justin Williams	2016-12-21 11:36:04.624939	2016-12-21 11:36:04.624939
151	Lance Carlson	2016-12-21 11:36:04.718869	2016-12-21 11:36:04.718869
152	Michael Hartl	2016-12-21 11:36:04.746395	2016-12-21 11:36:04.746395
153	Aurelius Prochazka	2016-12-21 11:36:04.755542	2016-12-21 11:36:04.755542
154	Andrey Koleshko	2016-12-21 11:36:04.783056	2016-12-21 11:36:04.783056
155	RunPaint	2016-12-21 11:36:04.814663	2016-12-21 11:36:04.814663
156	Cheng Guangnan	2016-12-21 11:36:04.824439	2016-12-21 11:36:04.824439
157	William C. Wake	2016-12-21 11:36:04.84845	2016-12-21 11:36:04.84845
158	Kevin Rutherford	2016-12-21 11:36:04.857542	2016-12-21 11:36:04.857542
159	Jay Fields	2016-12-21 11:36:04.883869	2016-12-21 11:36:04.883869
160	Shane Harvie	2016-12-21 11:36:04.89309	2016-12-21 11:36:04.89309
161	Martin Fowler	2016-12-21 11:36:04.902827	2016-12-21 11:36:04.902827
162	Kent Beck	2016-12-21 11:36:04.911373	2016-12-21 11:36:04.911373
163	Ben Dixon	2016-12-21 11:36:04.932955	2016-12-21 11:36:04.932955
164	Silvia Puglisi	2016-12-21 11:36:04.960625	2016-12-21 11:36:04.960625
165	Ari Lerner	2016-12-21 11:36:04.986076	2016-12-21 11:36:04.986076
166	Cody Fauser	2016-12-21 11:36:05.013457	2016-12-21 11:36:05.013457
167	Mani Tadayon	2016-12-21 11:36:05.043847	2016-12-21 11:36:05.043847
168	Gregory T Brown	2016-12-21 11:36:05.091381	2016-12-21 11:36:05.091381
169	Kevin C. Baird	2016-12-21 11:36:05.116015	2016-12-21 11:36:05.116015
170	Lucas Carlson	2016-12-21 11:36:05.143837	2016-12-21 11:36:05.143837
171	Leonard Richardson	2016-12-21 11:36:05.15333	2016-12-21 11:36:05.15333
172	Syngress	2016-12-21 11:36:05.178321	2016-12-21 11:36:05.178321
173	Neil Smyth	2016-12-21 11:36:05.231513	2016-12-21 11:36:05.231513
174	Christopher Haupt	2016-12-21 11:36:05.259527	2016-12-21 11:36:05.259527
175	Minero Aoki	2016-12-21 11:36:05.294639	2016-12-21 11:36:05.294639
176	Yukihiro Matsumoto	2016-12-21 11:36:05.328282	2016-12-21 11:36:05.328282
177	Doug Wright	2016-12-21 11:36:05.358055	2016-12-21 11:36:05.358055
178	Stefan Wintermeyer	2016-12-21 11:36:05.385898	2016-12-21 11:36:05.385898
179	Timothy Fisher	2016-12-21 11:36:05.412876	2016-12-21 11:36:05.412876
180	Elliot Smith	2016-12-21 11:36:05.44086	2016-12-21 11:36:05.44086
181	Rob Nichols	2016-12-21 11:36:05.450159	2016-12-21 11:36:05.450159
182	Miles Matthias	2016-12-21 11:36:05.47201	2016-12-21 11:36:05.47201
183	Barry Burd	2016-12-21 11:36:05.502812	2016-12-21 11:36:05.502812
184	Antonio Cangiano	2016-12-21 11:36:05.52996	2016-12-21 11:36:05.52996
185	Boško Ivanišević	2016-12-21 11:36:05.65551	2016-12-21 11:36:05.65551
186	Alexander Dymo	2016-12-21 11:36:05.685112	2016-12-21 11:36:05.685112
187	Jason D. Clinton	2016-12-21 11:36:05.717436	2016-12-21 11:36:05.717436
188	Matt Clements	2016-12-21 11:36:05.765486	2016-12-21 11:36:05.765486
189	Pat Shaughnessy	2016-12-21 11:36:05.817254	2016-12-21 11:36:05.817254
190	Hal Fulton	2016-12-21 11:36:05.845272	2016-12-21 11:36:05.845272
191	André Arko	2016-12-21 11:36:05.855097	2016-12-21 11:36:05.855097
192	Eric Weinstein	2016-12-21 11:36:05.904017	2016-12-21 11:36:05.904017
193	Larry Ullman	2016-12-21 11:36:05.931147	2016-12-21 11:36:05.931147
194	King Sabri	2016-12-21 11:36:05.95591	2016-12-21 11:36:05.95591
195	Jacob Harris	2016-12-21 11:36:05.983339	2016-12-21 11:36:05.983339
196	Abhishek Nalwaya	2016-12-21 11:36:06.010876	2016-12-21 11:36:06.010876
197	Akshat Paul	2016-12-21 11:36:06.020656	2016-12-21 11:36:06.020656
198	Clay Allsopp	2016-12-21 11:36:06.045174	2016-12-21 11:36:06.045174
199	Mark Slagell	2016-12-21 11:36:06.07236	2016-12-21 11:36:06.07236
200	Ian Dees	2016-12-21 11:36:06.100178	2016-12-21 11:36:06.100178
201	Mark Watson	2016-12-21 11:36:06.125901	2016-12-21 11:36:06.125901
202	Ben Poweski	2016-12-21 11:36:06.153489	2016-12-21 11:36:06.153489
203	David Raphael	2016-12-21 11:36:06.163031	2016-12-21 11:36:06.163031
204	Paul Dix	2016-12-21 11:36:06.218843	2016-12-21 11:36:06.218843
205	Michael Larkin	2016-12-21 11:36:06.254211	2016-12-21 11:36:06.254211
206	Alan Harris	2016-12-21 11:36:06.281859	2016-12-21 11:36:06.281859
207	Konstantin Haase	2016-12-21 11:36:06.291619	2016-12-21 11:36:06.291619
208	Phlip Plumlee	2016-12-21 11:36:06.341406	2016-12-21 11:36:06.341406
209	Josh Steiner	2016-12-21 11:36:06.366803	2016-12-21 11:36:06.366803
210	Rob Miller	2016-12-21 11:36:06.394419	2016-12-21 11:36:06.394419
211	Edward Benson	2016-12-21 11:36:06.419211	2016-12-21 11:36:06.419211
212	Dan Nguyen	2016-12-21 11:36:06.448069	2016-12-21 11:36:06.448069
213	Huw Collingbourne	2016-12-21 11:36:06.476742	2016-12-21 11:36:06.476742
214	Nate Berkopec	2016-12-21 11:36:06.502197	2016-12-21 11:36:06.502197
215	Matt Wynne	2016-12-21 11:36:06.532613	2016-12-21 11:36:06.532613
216	Aslak Hellesøy	2016-12-21 11:36:06.542403	2016-12-21 11:36:06.542403
217	Masatoshi Seki	2016-12-21 11:36:06.567194	2016-12-21 11:36:06.567194
218	Arne Brasseur	2016-12-21 11:36:06.598736	2016-12-21 11:36:06.598736
219	Christ Kottom	2016-12-21 11:36:06.647529	2016-12-21 11:36:06.647529
220	John Athayde	2016-12-21 11:36:06.675387	2016-12-21 11:36:06.675387
221	Bruce Williams	2016-12-21 11:36:06.685109	2016-12-21 11:36:06.685109
222	David Chelimsky	2016-12-21 11:36:06.729612	2016-12-21 11:36:06.729612
223	Dave Astels	2016-12-21 11:36:06.739287	2016-12-21 11:36:06.739287
224	Zach Dennis	2016-12-21 11:36:06.749224	2016-12-21 11:36:06.749224
225	Bryan Helmkamp	2016-12-21 11:36:06.758579	2016-12-21 11:36:06.758579
226	Dan North	2016-12-21 11:36:06.762204	2016-12-21 11:36:06.762204
227	Benjamin Tan	2016-12-21 11:36:06.789922	2016-12-21 11:36:06.789922
228	David Flanagan	2016-12-21 11:36:06.813734	2016-12-21 11:36:06.813734
229	Nick Sutterer	2016-12-21 11:36:06.839489	2016-12-21 11:36:06.839489
230	Philippe Hanrigou	2016-12-21 11:36:06.864988	2016-12-21 11:36:06.864988
231	Philip De Smedt	2016-12-21 11:36:06.918553	2016-12-21 11:36:06.918553
232	Andy Lindeman	2016-12-21 11:36:06.954394	2016-12-21 11:36:06.954394
233	Charles O Nutter	2016-12-21 11:36:06.990778	2016-12-21 11:36:06.990778
234	Thomas Enebo	2016-12-21 11:36:06.999895	2016-12-21 11:36:06.999895
235	Nick Sieger	2016-12-21 11:36:07.009613	2016-12-21 11:36:07.009613
236	Željko Filipin	2016-12-21 11:36:07.040246	2016-12-21 11:36:07.040246
237	Eric Steele	2016-12-21 11:36:07.092081	2016-12-21 11:36:07.092081
238	Why the Lucky Stiff	2016-12-21 11:36:07.120001	2016-12-21 11:36:07.120001
239	Steve Pugh	2016-12-21 11:36:07.147956	2016-12-21 11:36:07.147956
240	Jesse Storimer	2016-12-21 11:36:07.173326	2016-12-21 11:36:07.173326
241	Matt Mongeau	2016-12-21 11:36:07.233092	2016-12-21 11:36:07.233092
242	Stefan Kaes	2016-12-21 11:36:07.262698	2016-12-21 11:36:07.262698
\.


--
-- Name: authors_id_seq; Type: SEQUENCE SET; Schema: public; Owner: gstark
--

SELECT pg_catalog.setval('authors_id_seq', 242, true);


--
-- Data for Name: authorships; Type: TABLE DATA; Schema: public; Owner: gstark
--

COPY authorships (id, author_id, book_id, created_at, updated_at) FROM stdin;
1	1	1	2016-12-21 11:36:00.434023	2016-12-21 11:36:00.434023
2	2	1	2016-12-21 11:36:00.435468	2016-12-21 11:36:00.435468
3	3	2	2016-12-21 11:36:00.47549	2016-12-21 11:36:00.47549
4	4	3	2016-12-21 11:36:00.519513	2016-12-21 11:36:00.519513
5	5	3	2016-12-21 11:36:00.520845	2016-12-21 11:36:00.520845
6	6	3	2016-12-21 11:36:00.521809	2016-12-21 11:36:00.521809
7	4	4	2016-12-21 11:36:00.532401	2016-12-21 11:36:00.532401
8	4	5	2016-12-21 11:36:00.551166	2016-12-21 11:36:00.551166
9	7	6	2016-12-21 11:36:00.589942	2016-12-21 11:36:00.589942
10	8	7	2016-12-21 11:36:00.635029	2016-12-21 11:36:00.635029
11	9	7	2016-12-21 11:36:00.636122	2016-12-21 11:36:00.636122
12	10	8	2016-12-21 11:36:00.678815	2016-12-21 11:36:00.678815
13	11	9	2016-12-21 11:36:00.712952	2016-12-21 11:36:00.712952
14	12	10	2016-12-21 11:36:00.744106	2016-12-21 11:36:00.744106
15	13	11	2016-12-21 11:36:00.767622	2016-12-21 11:36:00.767622
16	14	12	2016-12-21 11:36:00.808023	2016-12-21 11:36:00.808023
17	15	13	2016-12-21 11:36:00.85993	2016-12-21 11:36:00.85993
18	16	13	2016-12-21 11:36:00.861064	2016-12-21 11:36:00.861064
19	17	13	2016-12-21 11:36:00.861929	2016-12-21 11:36:00.861929
20	18	13	2016-12-21 11:36:00.86283	2016-12-21 11:36:00.86283
21	19	14	2016-12-21 11:36:00.912453	2016-12-21 11:36:00.912453
22	20	14	2016-12-21 11:36:00.913525	2016-12-21 11:36:00.913525
23	21	15	2016-12-21 11:36:00.949053	2016-12-21 11:36:00.949053
24	22	15	2016-12-21 11:36:00.95022	2016-12-21 11:36:00.95022
25	19	15	2016-12-21 11:36:00.951231	2016-12-21 11:36:00.951231
26	20	16	2016-12-21 11:36:00.988283	2016-12-21 11:36:00.988283
27	23	16	2016-12-21 11:36:00.989381	2016-12-21 11:36:00.989381
28	24	16	2016-12-21 11:36:00.99042	2016-12-21 11:36:00.99042
29	25	17	2016-12-21 11:36:01.033312	2016-12-21 11:36:01.033312
30	26	17	2016-12-21 11:36:01.034471	2016-12-21 11:36:01.034471
31	27	18	2016-12-21 11:36:01.059288	2016-12-21 11:36:01.059288
32	28	19	2016-12-21 11:36:01.087955	2016-12-21 11:36:01.087955
33	29	20	2016-12-21 11:36:01.113213	2016-12-21 11:36:01.113213
34	30	21	2016-12-21 11:36:01.142089	2016-12-21 11:36:01.142089
35	31	22	2016-12-21 11:36:01.179474	2016-12-21 11:36:01.179474
36	32	23	2016-12-21 11:36:01.209908	2016-12-21 11:36:01.209908
37	33	24	2016-12-21 11:36:01.242846	2016-12-21 11:36:01.242846
38	34	25	2016-12-21 11:36:01.274086	2016-12-21 11:36:01.274086
39	35	26	2016-12-21 11:36:01.296551	2016-12-21 11:36:01.296551
40	36	27	2016-12-21 11:36:01.336754	2016-12-21 11:36:01.336754
41	37	27	2016-12-21 11:36:01.337877	2016-12-21 11:36:01.337877
42	38	28	2016-12-21 11:36:01.362357	2016-12-21 11:36:01.362357
43	39	29	2016-12-21 11:36:01.39936	2016-12-21 11:36:01.39936
44	40	30	2016-12-21 11:36:01.438879	2016-12-21 11:36:01.438879
45	41	30	2016-12-21 11:36:01.439804	2016-12-21 11:36:01.439804
46	42	30	2016-12-21 11:36:01.440637	2016-12-21 11:36:01.440637
47	43	31	2016-12-21 11:36:01.459746	2016-12-21 11:36:01.459746
48	44	32	2016-12-21 11:36:01.487269	2016-12-21 11:36:01.487269
49	44	33	2016-12-21 11:36:01.508622	2016-12-21 11:36:01.508622
50	45	34	2016-12-21 11:36:01.549497	2016-12-21 11:36:01.549497
51	46	35	2016-12-21 11:36:01.575609	2016-12-21 11:36:01.575609
52	47	36	2016-12-21 11:36:01.608323	2016-12-21 11:36:01.608323
53	48	37	2016-12-21 11:36:01.630653	2016-12-21 11:36:01.630653
54	49	38	2016-12-21 11:36:01.680916	2016-12-21 11:36:01.680916
55	50	38	2016-12-21 11:36:01.68202	2016-12-21 11:36:01.68202
56	51	38	2016-12-21 11:36:01.683047	2016-12-21 11:36:01.683047
57	52	39	2016-12-21 11:36:01.716639	2016-12-21 11:36:01.716639
58	53	39	2016-12-21 11:36:01.71793	2016-12-21 11:36:01.71793
59	54	40	2016-12-21 11:36:01.750842	2016-12-21 11:36:01.750842
60	54	41	2016-12-21 11:36:01.764446	2016-12-21 11:36:01.764446
61	55	42	2016-12-21 11:36:01.79387	2016-12-21 11:36:01.79387
62	56	43	2016-12-21 11:36:01.832325	2016-12-21 11:36:01.832325
63	57	44	2016-12-21 11:36:01.852508	2016-12-21 11:36:01.852508
64	58	45	2016-12-21 11:36:01.890572	2016-12-21 11:36:01.890572
65	59	46	2016-12-21 11:36:01.917727	2016-12-21 11:36:01.917727
66	60	47	2016-12-21 11:36:01.947218	2016-12-21 11:36:01.947218
67	55	48	2016-12-21 11:36:01.958696	2016-12-21 11:36:01.958696
68	61	49	2016-12-21 11:36:01.985549	2016-12-21 11:36:01.985549
69	62	50	2016-12-21 11:36:02.013582	2016-12-21 11:36:02.013582
70	61	51	2016-12-21 11:36:02.033567	2016-12-21 11:36:02.033567
71	63	52	2016-12-21 11:36:02.064122	2016-12-21 11:36:02.064122
72	64	53	2016-12-21 11:36:02.093224	2016-12-21 11:36:02.093224
73	43	54	2016-12-21 11:36:02.120763	2016-12-21 11:36:02.120763
74	65	55	2016-12-21 11:36:02.149486	2016-12-21 11:36:02.149486
75	66	56	2016-12-21 11:36:02.178302	2016-12-21 11:36:02.178302
76	67	57	2016-12-21 11:36:02.215429	2016-12-21 11:36:02.215429
77	68	58	2016-12-21 11:36:02.258959	2016-12-21 11:36:02.258959
78	69	58	2016-12-21 11:36:02.26022	2016-12-21 11:36:02.26022
79	70	59	2016-12-21 11:36:02.282061	2016-12-21 11:36:02.282061
80	71	60	2016-12-21 11:36:02.318936	2016-12-21 11:36:02.318936
81	72	61	2016-12-21 11:36:02.343014	2016-12-21 11:36:02.343014
82	73	62	2016-12-21 11:36:02.381822	2016-12-21 11:36:02.381822
83	74	63	2016-12-21 11:36:02.413391	2016-12-21 11:36:02.413391
84	75	64	2016-12-21 11:36:02.449963	2016-12-21 11:36:02.449963
85	76	64	2016-12-21 11:36:02.450896	2016-12-21 11:36:02.450896
86	77	65	2016-12-21 11:36:02.485456	2016-12-21 11:36:02.485456
87	78	65	2016-12-21 11:36:02.48655	2016-12-21 11:36:02.48655
88	79	66	2016-12-21 11:36:02.511905	2016-12-21 11:36:02.511905
89	80	67	2016-12-21 11:36:02.54111	2016-12-21 11:36:02.54111
90	81	68	2016-12-21 11:36:02.568538	2016-12-21 11:36:02.568538
91	82	69	2016-12-21 11:36:02.604056	2016-12-21 11:36:02.604056
92	83	70	2016-12-21 11:36:02.625389	2016-12-21 11:36:02.625389
93	84	71	2016-12-21 11:36:02.653171	2016-12-21 11:36:02.653171
94	85	72	2016-12-21 11:36:02.6808	2016-12-21 11:36:02.6808
95	86	73	2016-12-21 11:36:02.708522	2016-12-21 11:36:02.708522
96	87	74	2016-12-21 11:36:02.735877	2016-12-21 11:36:02.735877
97	88	75	2016-12-21 11:36:02.765365	2016-12-21 11:36:02.765365
98	89	76	2016-12-21 11:36:02.797364	2016-12-21 11:36:02.797364
99	90	77	2016-12-21 11:36:02.829395	2016-12-21 11:36:02.829395
100	91	77	2016-12-21 11:36:02.8305	2016-12-21 11:36:02.8305
101	92	78	2016-12-21 11:36:02.853631	2016-12-21 11:36:02.853631
102	93	79	2016-12-21 11:36:02.882125	2016-12-21 11:36:02.882125
103	94	80	2016-12-21 11:36:02.904812	2016-12-21 11:36:02.904812
104	95	81	2016-12-21 11:36:02.936141	2016-12-21 11:36:02.936141
105	96	82	2016-12-21 11:36:02.957776	2016-12-21 11:36:02.957776
106	97	83	2016-12-21 11:36:02.982884	2016-12-21 11:36:02.982884
107	98	84	2016-12-21 11:36:03.019828	2016-12-21 11:36:03.019828
108	99	84	2016-12-21 11:36:03.020965	2016-12-21 11:36:03.020965
109	100	85	2016-12-21 11:36:03.043899	2016-12-21 11:36:03.043899
110	101	86	2016-12-21 11:36:03.072818	2016-12-21 11:36:03.072818
111	101	87	2016-12-21 11:36:03.094095	2016-12-21 11:36:03.094095
112	102	88	2016-12-21 11:36:03.143881	2016-12-21 11:36:03.143881
113	103	88	2016-12-21 11:36:03.144988	2016-12-21 11:36:03.144988
114	104	88	2016-12-21 11:36:03.146049	2016-12-21 11:36:03.146049
115	105	89	2016-12-21 11:36:03.170638	2016-12-21 11:36:03.170638
116	106	90	2016-12-21 11:36:03.219745	2016-12-21 11:36:03.219745
117	107	90	2016-12-21 11:36:03.22088	2016-12-21 11:36:03.22088
118	108	90	2016-12-21 11:36:03.221936	2016-12-21 11:36:03.221936
119	108	91	2016-12-21 11:36:03.24588	2016-12-21 11:36:03.24588
120	109	91	2016-12-21 11:36:03.247003	2016-12-21 11:36:03.247003
121	110	92	2016-12-21 11:36:03.270544	2016-12-21 11:36:03.270544
122	111	93	2016-12-21 11:36:03.308772	2016-12-21 11:36:03.308772
123	112	93	2016-12-21 11:36:03.309933	2016-12-21 11:36:03.309933
124	113	94	2016-12-21 11:36:03.329293	2016-12-21 11:36:03.329293
125	114	95	2016-12-21 11:36:03.357275	2016-12-21 11:36:03.357275
126	115	96	2016-12-21 11:36:03.386403	2016-12-21 11:36:03.386403
127	116	97	2016-12-21 11:36:03.418781	2016-12-21 11:36:03.418781
128	117	98	2016-12-21 11:36:03.4436	2016-12-21 11:36:03.4436
129	114	99	2016-12-21 11:36:03.464627	2016-12-21 11:36:03.464627
130	118	100	2016-12-21 11:36:03.497398	2016-12-21 11:36:03.497398
131	100	100	2016-12-21 11:36:03.49849	2016-12-21 11:36:03.49849
132	119	101	2016-12-21 11:36:03.519816	2016-12-21 11:36:03.519816
133	43	102	2016-12-21 11:36:03.537844	2016-12-21 11:36:03.537844
134	47	103	2016-12-21 11:36:03.559083	2016-12-21 11:36:03.559083
135	120	104	2016-12-21 11:36:03.602248	2016-12-21 11:36:03.602248
136	121	104	2016-12-21 11:36:03.603367	2016-12-21 11:36:03.603367
137	43	105	2016-12-21 11:36:03.622722	2016-12-21 11:36:03.622722
138	122	106	2016-12-21 11:36:03.656392	2016-12-21 11:36:03.656392
139	1	107	2016-12-21 11:36:03.667709	2016-12-21 11:36:03.667709
140	123	108	2016-12-21 11:36:03.706895	2016-12-21 11:36:03.706895
141	124	108	2016-12-21 11:36:03.708493	2016-12-21 11:36:03.708493
142	70	109	2016-12-21 11:36:03.718988	2016-12-21 11:36:03.718988
143	125	110	2016-12-21 11:36:03.747196	2016-12-21 11:36:03.747196
144	124	111	2016-12-21 11:36:03.766133	2016-12-21 11:36:03.766133
145	126	112	2016-12-21 11:36:03.796455	2016-12-21 11:36:03.796455
146	127	113	2016-12-21 11:36:03.822066	2016-12-21 11:36:03.822066
147	124	114	2016-12-21 11:36:03.842799	2016-12-21 11:36:03.842799
148	128	115	2016-12-21 11:36:03.877809	2016-12-21 11:36:03.877809
149	129	116	2016-12-21 11:36:03.902048	2016-12-21 11:36:03.902048
150	130	117	2016-12-21 11:36:03.946668	2016-12-21 11:36:03.946668
151	131	117	2016-12-21 11:36:03.947813	2016-12-21 11:36:03.947813
152	132	117	2016-12-21 11:36:03.9489	2016-12-21 11:36:03.9489
153	133	118	2016-12-21 11:36:03.972119	2016-12-21 11:36:03.972119
154	64	119	2016-12-21 11:36:04.000466	2016-12-21 11:36:04.000466
155	5	120	2016-12-21 11:36:04.05139	2016-12-21 11:36:04.05139
156	134	120	2016-12-21 11:36:04.053448	2016-12-21 11:36:04.053448
157	135	120	2016-12-21 11:36:04.05466	2016-12-21 11:36:04.05466
158	5	121	2016-12-21 11:36:04.068448	2016-12-21 11:36:04.068448
159	134	121	2016-12-21 11:36:04.069426	2016-12-21 11:36:04.069426
160	135	121	2016-12-21 11:36:04.070403	2016-12-21 11:36:04.070403
161	5	122	2016-12-21 11:36:04.09374	2016-12-21 11:36:04.09374
162	134	122	2016-12-21 11:36:04.094865	2016-12-21 11:36:04.094865
163	135	122	2016-12-21 11:36:04.096081	2016-12-21 11:36:04.096081
164	5	123	2016-12-21 11:36:04.14905	2016-12-21 11:36:04.14905
165	135	123	2016-12-21 11:36:04.151461	2016-12-21 11:36:04.151461
166	136	124	2016-12-21 11:36:04.183806	2016-12-21 11:36:04.183806
167	137	125	2016-12-21 11:36:04.211746	2016-12-21 11:36:04.211746
168	133	126	2016-12-21 11:36:04.231844	2016-12-21 11:36:04.231844
169	125	127	2016-12-21 11:36:04.253616	2016-12-21 11:36:04.253616
170	130	128	2016-12-21 11:36:04.286762	2016-12-21 11:36:04.286762
171	138	128	2016-12-21 11:36:04.287898	2016-12-21 11:36:04.287898
172	139	129	2016-12-21 11:36:04.316455	2016-12-21 11:36:04.316455
173	140	130	2016-12-21 11:36:04.344454	2016-12-21 11:36:04.344454
174	141	131	2016-12-21 11:36:04.371126	2016-12-21 11:36:04.371126
175	142	132	2016-12-21 11:36:04.418895	2016-12-21 11:36:04.418895
176	143	132	2016-12-21 11:36:04.420083	2016-12-21 11:36:04.420083
177	144	133	2016-12-21 11:36:04.456211	2016-12-21 11:36:04.456211
178	145	133	2016-12-21 11:36:04.457375	2016-12-21 11:36:04.457375
179	72	134	2016-12-21 11:36:04.484598	2016-12-21 11:36:04.484598
180	146	135	2016-12-21 11:36:04.521469	2016-12-21 11:36:04.521469
181	147	135	2016-12-21 11:36:04.522642	2016-12-21 11:36:04.522642
182	33	136	2016-12-21 11:36:04.535132	2016-12-21 11:36:04.535132
183	148	137	2016-12-21 11:36:04.565863	2016-12-21 11:36:04.565863
184	134	138	2016-12-21 11:36:04.586407	2016-12-21 11:36:04.586407
185	149	139	2016-12-21 11:36:04.619538	2016-12-21 11:36:04.619538
186	150	140	2016-12-21 11:36:04.639755	2016-12-21 11:36:04.639755
187	133	141	2016-12-21 11:36:04.659652	2016-12-21 11:36:04.659652
188	136	142	2016-12-21 11:36:04.680335	2016-12-21 11:36:04.680335
189	32	143	2016-12-21 11:36:04.702991	2016-12-21 11:36:04.702991
190	71	144	2016-12-21 11:36:04.736911	2016-12-21 11:36:04.736911
191	151	144	2016-12-21 11:36:04.738062	2016-12-21 11:36:04.738062
192	146	144	2016-12-21 11:36:04.739105	2016-12-21 11:36:04.739105
193	152	145	2016-12-21 11:36:04.772081	2016-12-21 11:36:04.772081
194	153	145	2016-12-21 11:36:04.776225	2016-12-21 11:36:04.776225
195	154	146	2016-12-21 11:36:04.807952	2016-12-21 11:36:04.807952
196	155	147	2016-12-21 11:36:04.841004	2016-12-21 11:36:04.841004
197	156	147	2016-12-21 11:36:04.842182	2016-12-21 11:36:04.842182
198	157	148	2016-12-21 11:36:04.875146	2016-12-21 11:36:04.875146
199	158	148	2016-12-21 11:36:04.876765	2016-12-21 11:36:04.876765
200	159	149	2016-12-21 11:36:04.923538	2016-12-21 11:36:04.923538
201	160	149	2016-12-21 11:36:04.924705	2016-12-21 11:36:04.924705
202	161	149	2016-12-21 11:36:04.925814	2016-12-21 11:36:04.925814
203	162	149	2016-12-21 11:36:04.926751	2016-12-21 11:36:04.926751
204	163	150	2016-12-21 11:36:04.948506	2016-12-21 11:36:04.948506
205	164	151	2016-12-21 11:36:04.97821	2016-12-21 11:36:04.97821
206	165	152	2016-12-21 11:36:05.004013	2016-12-21 11:36:05.004013
207	166	153	2016-12-21 11:36:05.030579	2016-12-21 11:36:05.030579
208	167	154	2016-12-21 11:36:05.059912	2016-12-21 11:36:05.059912
209	105	155	2016-12-21 11:36:05.078716	2016-12-21 11:36:05.078716
210	168	156	2016-12-21 11:36:05.104614	2016-12-21 11:36:05.104614
211	169	157	2016-12-21 11:36:05.132079	2016-12-21 11:36:05.132079
212	170	158	2016-12-21 11:36:05.170164	2016-12-21 11:36:05.170164
213	171	158	2016-12-21 11:36:05.171341	2016-12-21 11:36:05.171341
214	172	159	2016-12-21 11:36:05.191821	2016-12-21 11:36:05.191821
215	38	160	2016-12-21 11:36:05.218903	2016-12-21 11:36:05.218903
216	173	161	2016-12-21 11:36:05.247589	2016-12-21 11:36:05.247589
217	174	162	2016-12-21 11:36:05.284573	2016-12-21 11:36:05.284573
218	175	163	2016-12-21 11:36:05.320197	2016-12-21 11:36:05.320197
219	176	164	2016-12-21 11:36:05.344556	2016-12-21 11:36:05.344556
220	177	165	2016-12-21 11:36:05.374117	2016-12-21 11:36:05.374117
221	178	166	2016-12-21 11:36:05.401873	2016-12-21 11:36:05.401873
222	179	167	2016-12-21 11:36:05.428843	2016-12-21 11:36:05.428843
223	180	168	2016-12-21 11:36:05.464762	2016-12-21 11:36:05.464762
224	181	168	2016-12-21 11:36:05.465707	2016-12-21 11:36:05.465707
225	182	169	2016-12-21 11:36:05.489379	2016-12-21 11:36:05.489379
226	183	170	2016-12-21 11:36:05.518285	2016-12-21 11:36:05.518285
227	184	171	2016-12-21 11:36:05.546026	2016-12-21 11:36:05.546026
228	92	172	2016-12-21 11:36:05.576573	2016-12-21 11:36:05.576573
229	152	173	2016-12-21 11:36:05.59897	2016-12-21 11:36:05.59897
230	39	174	2016-12-21 11:36:05.621009	2016-12-21 11:36:05.621009
231	71	175	2016-12-21 11:36:05.641421	2016-12-21 11:36:05.641421
232	146	175	2016-12-21 11:36:05.642578	2016-12-21 11:36:05.642578
233	185	176	2016-12-21 11:36:05.672645	2016-12-21 11:36:05.672645
234	186	177	2016-12-21 11:36:05.710152	2016-12-21 11:36:05.710152
235	187	178	2016-12-21 11:36:05.733533	2016-12-21 11:36:05.733533
236	110	179	2016-12-21 11:36:05.752631	2016-12-21 11:36:05.752631
237	188	180	2016-12-21 11:36:05.78397	2016-12-21 11:36:05.78397
238	13	181	2016-12-21 11:36:05.803526	2016-12-21 11:36:05.803526
239	189	182	2016-12-21 11:36:05.833555	2016-12-21 11:36:05.833555
240	190	183	2016-12-21 11:36:05.869478	2016-12-21 11:36:05.869478
241	191	183	2016-12-21 11:36:05.871029	2016-12-21 11:36:05.871029
242	190	184	2016-12-21 11:36:05.878026	2016-12-21 11:36:05.878026
243	190	185	2016-12-21 11:36:05.892823	2016-12-21 11:36:05.892823
244	192	186	2016-12-21 11:36:05.919556	2016-12-21 11:36:05.919556
245	193	187	2016-12-21 11:36:05.944378	2016-12-21 11:36:05.944378
246	194	188	2016-12-21 11:36:05.971668	2016-12-21 11:36:05.971668
247	195	189	2016-12-21 11:36:05.999161	2016-12-21 11:36:05.999161
248	196	190	2016-12-21 11:36:06.037796	2016-12-21 11:36:06.037796
249	197	190	2016-12-21 11:36:06.038933	2016-12-21 11:36:06.038933
250	198	191	2016-12-21 11:36:06.060799	2016-12-21 11:36:06.060799
251	199	192	2016-12-21 11:36:06.088447	2016-12-21 11:36:06.088447
252	200	193	2016-12-21 11:36:06.118021	2016-12-21 11:36:06.118021
253	201	194	2016-12-21 11:36:06.141988	2016-12-21 11:36:06.141988
254	202	195	2016-12-21 11:36:06.189716	2016-12-21 11:36:06.189716
255	203	195	2016-12-21 11:36:06.191075	2016-12-21 11:36:06.191075
256	98	196	2016-12-21 11:36:06.206058	2016-12-21 11:36:06.206058
257	204	197	2016-12-21 11:36:06.245816	2016-12-21 11:36:06.245816
258	205	198	2016-12-21 11:36:06.270076	2016-12-21 11:36:06.270076
259	206	199	2016-12-21 11:36:06.311725	2016-12-21 11:36:06.311725
260	207	199	2016-12-21 11:36:06.31289	2016-12-21 11:36:06.31289
261	139	200	2016-12-21 11:36:06.327621	2016-12-21 11:36:06.327621
262	208	201	2016-12-21 11:36:06.359007	2016-12-21 11:36:06.359007
263	209	202	2016-12-21 11:36:06.380254	2016-12-21 11:36:06.380254
264	210	203	2016-12-21 11:36:06.407741	2016-12-21 11:36:06.407741
265	211	204	2016-12-21 11:36:06.436295	2016-12-21 11:36:06.436295
266	212	205	2016-12-21 11:36:06.465087	2016-12-21 11:36:06.465087
267	213	206	2016-12-21 11:36:06.490794	2016-12-21 11:36:06.490794
268	214	207	2016-12-21 11:36:06.519629	2016-12-21 11:36:06.519629
269	215	208	2016-12-21 11:36:06.559017	2016-12-21 11:36:06.559017
270	216	208	2016-12-21 11:36:06.560324	2016-12-21 11:36:06.560324
271	217	209	2016-12-21 11:36:06.592667	2016-12-21 11:36:06.592667
272	218	210	2016-12-21 11:36:06.61461	2016-12-21 11:36:06.61461
273	213	211	2016-12-21 11:36:06.63376	2016-12-21 11:36:06.63376
274	219	212	2016-12-21 11:36:06.663647	2016-12-21 11:36:06.663647
275	220	213	2016-12-21 11:36:06.7034	2016-12-21 11:36:06.7034
276	221	213	2016-12-21 11:36:06.704573	2016-12-21 11:36:06.704573
277	43	214	2016-12-21 11:36:06.717502	2016-12-21 11:36:06.717502
278	222	215	2016-12-21 11:36:06.774032	2016-12-21 11:36:06.774032
279	223	215	2016-12-21 11:36:06.774995	2016-12-21 11:36:06.774995
280	224	215	2016-12-21 11:36:06.775886	2016-12-21 11:36:06.775886
281	216	215	2016-12-21 11:36:06.776774	2016-12-21 11:36:06.776774
282	225	215	2016-12-21 11:36:06.777654	2016-12-21 11:36:06.777654
283	226	215	2016-12-21 11:36:06.778538	2016-12-21 11:36:06.778538
284	227	216	2016-12-21 11:36:06.80272	2016-12-21 11:36:06.80272
285	228	217	2016-12-21 11:36:06.831709	2016-12-21 11:36:06.831709
286	176	217	2016-12-21 11:36:06.83288	2016-12-21 11:36:06.83288
287	229	218	2016-12-21 11:36:06.856926	2016-12-21 11:36:06.856926
288	230	219	2016-12-21 11:36:06.880936	2016-12-21 11:36:06.880936
289	139	220	2016-12-21 11:36:06.903183	2016-12-21 11:36:06.903183
290	231	221	2016-12-21 11:36:06.946491	2016-12-21 11:36:06.946491
291	232	222	2016-12-21 11:36:06.981532	2016-12-21 11:36:06.981532
292	233	223	2016-12-21 11:36:07.029557	2016-12-21 11:36:07.029557
293	234	223	2016-12-21 11:36:07.030848	2016-12-21 11:36:07.030848
294	235	223	2016-12-21 11:36:07.031697	2016-12-21 11:36:07.031697
295	122	223	2016-12-21 11:36:07.032558	2016-12-21 11:36:07.032558
296	200	223	2016-12-21 11:36:07.033431	2016-12-21 11:36:07.033431
297	236	224	2016-12-21 11:36:07.057173	2016-12-21 11:36:07.057173
298	132	225	2016-12-21 11:36:07.078101	2016-12-21 11:36:07.078101
299	237	226	2016-12-21 11:36:07.108312	2016-12-21 11:36:07.108312
300	238	227	2016-12-21 11:36:07.136029	2016-12-21 11:36:07.136029
301	239	228	2016-12-21 11:36:07.165574	2016-12-21 11:36:07.165574
302	240	229	2016-12-21 11:36:07.189693	2016-12-21 11:36:07.189693
303	240	230	2016-12-21 11:36:07.206207	2016-12-21 11:36:07.206207
304	240	231	2016-12-21 11:36:07.221956	2016-12-21 11:36:07.221956
305	241	232	2016-12-21 11:36:07.251937	2016-12-21 11:36:07.251937
306	242	233	2016-12-21 11:36:07.275828	2016-12-21 11:36:07.275828
\.


--
-- Name: authorships_id_seq; Type: SEQUENCE SET; Schema: public; Owner: gstark
--

SELECT pg_catalog.setval('authorships_id_seq', 306, true);


--
-- Data for Name: books; Type: TABLE DATA; Schema: public; Owner: gstark
--

COPY books (id, title, year, url, prices, editor, created_at, updated_at) FROM stdin;
1	99 Bottles of OOP	2016	http://www.sandimetz.com/99bottles	ebook: $49	Self Published	2016-12-21 11:36:00.432538	2016-12-21 11:36:00.432538
2	Advanced Rails	2007	http://shop.oreilly.com/product/9780596510329.do	ebook: $28, paperbook: $35	O'Reilly Media	2016-12-21 11:36:00.473718	2016-12-21 11:36:00.473718
3	Agile Web Development with Rails (3rd edition)	2009	http://pragprog.com/book/rails3/agile-web-development-with-rails		Pragmatic Bookshelf	2016-12-21 11:36:00.518028	2016-12-21 11:36:00.518028
4	Agile Web Development with Rails 3.2	2013	http://pragprog.com/book/rails32/agile-web-development-with-rails-3-2		Pragmatic Bookshelf	2016-12-21 11:36:00.531322	2016-12-21 11:36:00.531322
5	Agile Web Development with Rails 4	2013	http://pragprog.com/book/rails4/agile-web-development-with-rails-4	ebook: $27, paperbook: $44	Pragmatic Bookshelf	2016-12-21 11:36:00.549612	2016-12-21 11:36:00.549612
6	Ajax on Rails: Build Dynamic Web Applications with Ruby	2007	http://shop.oreilly.com/product/9780596527440.do	ebook: $32, paperbook: $40	O'Reilly Media	2016-12-21 11:36:00.587991	2016-12-21 11:36:00.587991
7	AngularJS + Rails	2014	https://leanpub.com/angularails	ebook: $40 minimum, $45 suggested	Self Published	2016-12-21 11:36:00.633765	2016-12-21 11:36:00.633765
8	APIs on Rails	2014	http://apionrails.icalialabs.com/book	online: free, ebook: $25	Self Published	2016-12-21 11:36:00.677288	2016-12-21 11:36:00.677288
9	Application Testing with Capybara	2013	http://www.packtpub.com/application-testing-with-capybara/book	ebook: $24	Packt Publishing	2016-12-21 11:36:00.710998	2016-12-21 11:36:00.710998
10	Aptana RadRails: An IDE for Rails Development	2008	https://www.packtpub.com/web-development/aptana-radrails-ide-rails-development	ebook: $29	Packt Publishing	2016-12-21 11:36:00.742149	2016-12-21 11:36:00.742149
11	Backbone.js on Rails	2012	https://gumroad.com/l/backbone-js-on-rails	ebook: $30	thoughtbot	2016-12-21 11:36:00.765948	2016-12-21 11:36:00.765948
12	Beginning Core Data with RubyMotion	2014	https://leanpub.com/beginning-core-data-for-ruby-motion	ebook: from free to suggested $5.27	Self Published	2016-12-21 11:36:00.806349	2016-12-21 11:36:00.806349
13	Beginning Google Maps Applications with Rails and Ajax	2007	http://www.apress.com/9781590597873	ebook: $25	apress	2016-12-21 11:36:00.858511	2016-12-21 11:36:00.858511
14	Beginning Rails 3	2010	http://www.apress.com/9781430224334	ebook: $28	apress	2016-12-21 11:36:00.910994	2016-12-21 11:36:00.910994
15	Beginning Rails 4	2013	http://www.apress.com/9781430260349	ebook: $35	apress	2016-12-21 11:36:00.947697	2016-12-21 11:36:00.947697
16	Beginning Rails	2007	http://www.apress.com/9781590596869	ebook: $25	apress	2016-12-21 11:36:00.986853	2016-12-21 11:36:00.986853
17	Beginning Ruby on Rails E-Commerce	2006	http://www.apress.com/9781590597361	ebook: $25	apress	2016-12-21 11:36:01.031722	2016-12-21 11:36:01.031722
18	Beginning Ruby on Rails	2007	http://www.wiley.com/WileyCDA/WileyTitle/productCd-0470069155.html	ebook: $26, book: $40	Wiley	2016-12-21 11:36:01.057654	2016-12-21 11:36:01.057654
19	Beginning Ruby: From Novice to Professional	2009	http://www.apress.com/9781430223634	ebook: $28	apress	2016-12-21 11:36:01.086239	2016-12-21 11:36:01.086239
20	Best of Ruby Quiz	2006	http://pragprog.com/book/fr_quiz/best-of-ruby-quiz		Pragmatic Bookshelf	2016-12-21 11:36:01.111285	2016-12-21 11:36:01.111285
21	Bootstrap for Rails	2015	https://www.packtpub.com/web-development/bootstrap-rails	ebook: $22	Packt Publishing	2016-12-21 11:36:01.140616	2016-12-21 11:36:01.140616
22	Build a Ruby Gem	2014	http://brandonhilkert.com/books/build-a-ruby-gem/	ebook: $39, ebook + code: $79, complete package $129	Self Published	2016-12-21 11:36:01.177571	2016-12-21 11:36:01.177571
23	Build Awesome Command-Line Applications in Ruby: Control Your Computer, Simplify Your Life	2012	http://pragprog.com/book/dccar/build-awesome-command-line-applications-in-ruby		Pragmatic Bookshelf	2016-12-21 11:36:01.207951	2016-12-21 11:36:01.207951
24	Build your own Rails server	2014	http://www.relativkreativ.at/ebook	free	Self Published	2016-12-21 11:36:01.241312	2016-12-21 11:36:01.241312
25	Build Your Own Sinatra	2015	http://buildyourownsinatra.com/	ebook: $35	Self Published	2016-12-21 11:36:01.272243	2016-12-21 11:36:01.272243
26	Building Dynamic Web 2.0 Websites with Ruby on Rails	2008	https://www.packtpub.com/web-development/building-dynamic-web-20-websites-ruby-rails	ebook: $25	Packt Publishing	2016-12-21 11:36:01.294777	2016-12-21 11:36:01.294777
27	Capistrano and the Rails Application Lifecycle	2006	http://shop.oreilly.com/product/9780596529628.do	ebook: $10	O'Reilly Media	2016-12-21 11:36:01.335376	2016-12-21 11:36:01.335376
28	Clean Ruby: Write obvious, intention-revealing programs that stay manageable as your code grows	2013	http://www.clean-ruby.com/	ebook: $49, plus version: $99	Self Published	2016-12-21 11:36:01.360749	2016-12-21 11:36:01.360749
29	Cloning Internet Applications with Ruby	2010	http://www.packtpub.com/cloning-internet-applications-with-ruby/book	ebook: $29	Packt Publishing	2016-12-21 11:36:01.397191	2016-12-21 11:36:01.397191
30	Computer Science Programming Basics in Ruby: Exploring Concepts and Curriculum with Ruby	2013	http://shop.oreilly.com/product/0636920028192.do	ebook: $22, paperbook: $25	O'Reilly Media	2016-12-21 11:36:01.437641	2016-12-21 11:36:01.437641
31	Confident Ruby	2013	http://www.confidentruby.com/	ebook: $35, ebook + screencast: $45, ebook + screencast + Much Ado About Nothing: $55	Self Published	2016-12-21 11:36:01.457592	2016-12-21 11:36:01.457592
32	Crafting Rails 4 Applications: Expert Practices for Everyday Rails Development	2013	http://pragprog.com/book/jvrails2/crafting-rails-4-applications	ebook: $24.00, paperbook: $36.00	Pragmatic Bookshelf	2016-12-21 11:36:01.48587	2016-12-21 11:36:01.48587
33	Crafting Rails Applications: Expert Practices for Everyday Rails Development	2011	http://pragprog.com/book/jvrails/crafting-rails-applications		Pragmatic Bookshelf	2016-12-21 11:36:01.507251	2016-12-21 11:36:01.507251
34	Crystal for Rubyists	2016	http://www.crystalforrubyists.com/	free	Self Published	2016-12-21 11:36:01.547871	2016-12-21 11:36:01.547871
35	Data Visualization Toolkit: Using JavaScript, Rails, and Postgres to Present Data and Geospatial Information	2016	http://www.informit.com/store/data-visualization-toolkit-using-javascript-rails-and-9780134464435	ebook: $36, paperbook: $45	Addison-Wesley Professional	2016-12-21 11:36:01.574203	2016-12-21 11:36:01.574203
36	Debugging Ruby: Debugging Ruby code & Rails applications by example	2013	https://leanpub.com/debuggingruby	ebook: $10	Self Published	2016-12-21 11:36:01.606365	2016-12-21 11:36:01.606365
37	Deploy Rails BlueBook 2014 Edition	2014	https://leanpub.com/deployrailsbluebook	ebook: $10 mininum, $31 suggested	Self Published	2016-12-21 11:36:01.628784	2016-12-21 11:36:01.628784
38	Deploying Rails Applications	2008	https://pragprog.com/book/fr_deploy/deploying-rails-applications		Pragmatic Bookshelf	2016-12-21 11:36:01.679535	2016-12-21 11:36:01.679535
39	Deploying Rails: Automate, Deploy, Scale, Maintain, and Sleep at Night	2012	http://pragprog.com/book/cbdepra/deploying-rails		Pragmatic Bookshelf	2016-12-21 11:36:01.715092	2016-12-21 11:36:01.715092
40	Deploying with JRuby 9k: Deliver Scalable Web Apps using the JVM	2016	https://pragprog.com/book/jkdepj2/deploying-with-jruby-9k	ebook: $16, book: $26	Pragmatic Bookshelf	2016-12-21 11:36:01.749278	2016-12-21 11:36:01.749278
41	Deploying with JRuby: Deliver Scalable Web Apps using the JVM	2012	http://pragprog.com/book/jkdepj/deploying-with-jruby		Pragmatic Bookshelf	2016-12-21 11:36:01.763128	2016-12-21 11:36:01.763128
42	Design Patterns in Ruby	2007	http://www.informit.com/store/design-patterns-in-ruby-9780321490452	ebook: $37, paperbook: $46	Addison-Wesley Professional	2016-12-21 11:36:01.792077	2016-12-21 11:36:01.792077
43	Developing Games With Ruby	2014	https://leanpub.com/developing-games-with-ruby	online: free, ebook: $10 minimum $21 suggested	Self Published	2016-12-21 11:36:01.830509	2016-12-21 11:36:01.830509
44	Distributed Programming with Ruby	2009	http://www.informit.com/store/distributed-programming-with-ruby-9780321638366	ebook: $36, paperbook: $45	Addison-Wesley Professional	2016-12-21 11:36:01.85058	2016-12-21 11:36:01.85058
45	Easy Active Record for Rails Developers	2013	http://www.easyactiverecord.com/	ebook: $25	Self Published	2016-12-21 11:36:01.888364	2016-12-21 11:36:01.888364
46	Effective Ruby: 48 Specific Ways to Write Better Ruby	2014	http://www.informit.com/store/effective-ruby-48-specific-ways-to-write-better-ruby-9780133846973	ebook: $32, paperbook: $40	Addison-Wesley Professional	2016-12-21 11:36:01.916111	2016-12-21 11:36:01.916111
47	Efficient Rails	2016	https://leanpub.com/efficient-rails	$32 minumum, $41 suggested	Self Published	2016-12-21 11:36:01.945252	2016-12-21 11:36:01.945252
48	Eloquent Ruby	2011	http://www.informit.com/store/eloquent-ruby-9780321584106	ebook: $40, paperbook: $50	Addison-Wesley Professional	2016-12-21 11:36:01.957433	2016-12-21 11:36:01.957433
49	Enterprise Integration with Ruby	2006	http://pragprog.com/book/fr_eir/enterprise-integration-with-ruby		Pragmatic Bookshelf	2016-12-21 11:36:01.983774	2016-12-21 11:36:01.983774
50	Enterprise Rails	2008	http://shop.oreilly.com/product/9780596515201.do	ebook: $36, paperbook: $45	O'Reilly Media	2016-12-21 11:36:02.011731	2016-12-21 11:36:02.011731
51	Enterprise Recipes with Ruby and Rails	2008	http://pragprog.com/book/msenr/enterprise-recipes-with-ruby-and-rails		Pragmatic Bookshelf	2016-12-21 11:36:02.031904	2016-12-21 11:36:02.031904
52	Everyday Rails Testing with RSpec: A practical approach to test-driven development	2012	https://leanpub.com/everydayrailsrspec	ebook: $16 minimum, $20 suggested	Self Published	2016-12-21 11:36:02.062702	2016-12-21 11:36:02.062702
53	Everyday Scripting with Ruby: for Teams, Testers, and You	2007	http://pragprog.com/book/bmsft/everyday-scripting-with-ruby		Pragmatic Bookshelf	2016-12-21 11:36:02.091421	2016-12-21 11:36:02.091421
54	Exceptional Ruby: Master the art of handling failure in Ruby	2011	http://exceptionalruby.com/	ebook: $15	Self Published	2016-12-21 11:36:02.118804	2016-12-21 11:36:02.118804
55	Exploring Everyday Things with R and Ruby: Discover the world around you through programming	2012	http://shop.oreilly.com/product/0636920022626.do	ebook: $26, paperbook: $30	O'Reilly Media	2016-12-21 11:36:02.147543	2016-12-21 11:36:02.147543
56	Fearless Rails Deployment	2014	http://railsdeploymentbook.com	ebook: $40	Self Published	2016-12-21 11:36:02.176839	2016-12-21 11:36:02.176839
57	Fearless Refactoring: Rails Controllers	2014	http://rails-refactoring.com/	ebook: $35	Self Published	2016-12-21 11:36:02.213486	2016-12-21 11:36:02.213486
58	Flex on Rails: Building Rich Internet Applications with Adobe Flex 3 and Rails 2	2008	http://www.informit.com/store/flex-on-rails-building-rich-internet-applications-with-9780132651554	ebook: $40	Addison-Wesley Professional	2016-12-21 11:36:02.257154	2016-12-21 11:36:02.257154
59	Foundation Rails 2	2008	http://www.apress.com/9781430210399	ebook: $31	apress	2016-12-21 11:36:02.280254	2016-12-21 11:36:02.280254
60	From Java To Ruby: Things Every Manager Should Know	2006	http://pragprog.com/book/fr_j2r/from-java-to-ruby		Pragmatic Bookshelf	2016-12-21 11:36:02.316724	2016-12-21 11:36:02.316724
61	Frontend-friendly Rails	2016	http://blog.arkency.com/frontend-friendly-rails/	ebook: $49	Self Published	2016-12-21 11:36:02.341588	2016-12-21 11:36:02.341588
62	Functional Programming in Ruby	2014	https://leanpub.com/functionalprogramminginruby	ebook: $5 minimum, $10 suggested	Self Published	2016-12-21 11:36:02.379692	2016-12-21 11:36:02.379692
63	FXRuby: Create Lean and Mean GUIs with Ruby	2008	http://pragprog.com/book/fxruby/fxruby		Pragmatic Bookshelf	2016-12-21 11:36:02.411471	2016-12-21 11:36:02.411471
64	Geocoding on Rails: Your Map to Geocoding Rails Applications	2013	https://gumroad.com/l/geocoding-on-rails	ebook: $20	thoughtbot	2016-12-21 11:36:02.448555	2016-12-21 11:36:02.448555
65	Growing Rails Applications in Practice	2014	https://leanpub.com/growing-rails	ebook: $15	Self Published	2016-12-21 11:36:02.484066	2016-12-21 11:36:02.484066
66	Head First Rails: A learner's companion to Ruby on Rails	2008	http://shop.oreilly.com/product/9780596515775.do		O'Reilly Media	2016-12-21 11:36:02.510311	2016-12-21 11:36:02.510311
67	Head First Rails: A learner's companion to Ruby on Rails	2015	http://shop.oreilly.com/product/9780596803995.do	ebook: $39, paperbook: $45	O'Reilly Media	2016-12-21 11:36:02.539315	2016-12-21 11:36:02.539315
68	I Love Ruby	2010	https://cloud.openmailbox.org/index.php/s/u4sX065QRgjbJL2/download	free	Self Published	2016-12-21 11:36:02.566814	2016-12-21 11:36:02.566814
69	Instant Nokogiri	2013	https://www.packtpub.com/web-development/instant-nokogiri-instant	ebook: $16	Packt Publishing	2016-12-21 11:36:02.602127	2016-12-21 11:36:02.602127
70	Instant RSpec Test-Driven Development How-to	2013	https://www.packtpub.com/application-development/instant-rspec-test-driven-development-how-instant	ebook: $18	Packt Publishing	2016-12-21 11:36:02.62361	2016-12-21 11:36:02.62361
71	Instant RubyMine Assimilation	2013	https://www.packtpub.com/hardware-and-creative/instant-rubymine-assimilation-instant	ebook: $18	Packt Publishing	2016-12-21 11:36:02.65141	2016-12-21 11:36:02.65141
72	Instant RubyMotion App Development	2013	https://www.packtpub.com/hardware-and-creative/instant-rubymotion-app-development-instant	ebook: $18	Packt Publishing	2016-12-21 11:36:02.679117	2016-12-21 11:36:02.679117
73	Instant Sinatra Starter	2013	http://www.packtpub.com/sinatra-starter/book	ebook: $16	Packt Publishing	2016-12-21 11:36:02.706758	2016-12-21 11:36:02.706758
74	Introducing Rails 5	2016	https://www.packtpub.com/application-development/introducing-rails-5-learning-web-development-ruby-way-video	ebook: $18	Packt Publishing	2016-12-21 11:36:02.734085	2016-12-21 11:36:02.734085
75	iOS on Rails	2014	https://gumroad.com/l/ios-on-rails	ebook: $25	thoughtbot	2016-12-21 11:36:02.763827	2016-12-21 11:36:02.763827
76	IronRuby Unleashed	2010	http://www.informit.com/store/ironruby-unleashed-9780672330780	ebook: $40, paperbook: $50	Sams	2016-12-21 11:36:02.79538	2016-12-21 11:36:02.79538
77	JRuby Cookbook	2008	http://shop.oreilly.com/product/9780596519650.do	ebook: $28, paperbook: $35	O'Reilly Media	2016-12-21 11:36:02.827901	2016-12-21 11:36:02.827901
78	JRuby Rails Web Application Development	2014	http://www.springer.com/computer/swe/book/978-3-319-03933-6	ebook: $40, paperbook: $55	Springer	2016-12-21 11:36:02.852176	2016-12-21 11:36:02.852176
79	Jump Start Rails	2013	http://www.sitepoint.com/store/jump-start-rails/	ebook: $19, paperbook + ebook: $30	SitePoint	2016-12-21 11:36:02.880745	2016-12-21 11:36:02.880745
80	Jump Start Sinatra	2013	http://www.sitepoint.com/store/jump-start-sinatra/	ebook: $19, paperbook + ebook: $29	SitePoint	2016-12-21 11:36:02.903569	2016-12-21 11:36:02.903569
81	Kestrels, Quirky Birds, and Hopeless Egocentricity	2012	http://combinators.info/	online: free, ebook: $5	Self Published	2016-12-21 11:36:02.934875	2016-12-21 11:36:02.934875
82	Learn Game Programming with Ruby: Bring Your Ideas to Life with Gosu	2015	https://pragprog.com/book/msgpkids/learn-game-programming-with-ruby	ebook: $15, paperbook: $24	Pragmatic Bookshelf	2016-12-21 11:36:02.956513	2016-12-21 11:36:02.956513
83	Learn Ruby on Rails	2013	http://learn-rails.com/	free	Self Published	2016-12-21 11:36:02.981601	2016-12-21 11:36:02.981601
84	Learn Ruby Programming by Examples	2016	https://leanpub.com/learn_ruby_programming_by_examples_en	ebook: $10 minimum, $21 suggested	Self Published	2016-12-21 11:36:03.01846	2016-12-21 11:36:03.01846
85	Learn Ruby The Hard Way	2011	http://learncodethehardway.org/ruby/	HTML: $0, ebook: $30	Self Published	2016-12-21 11:36:03.042475	2016-12-21 11:36:03.042475
86	Learn to Program (2nd edition)	2009	http://pragprog.com/book/ltp2/learn-to-program	ebook: $18.50, paperbook: $25	Pragmatic Bookshelf	2016-12-21 11:36:03.071084	2016-12-21 11:36:03.071084
87	Learn to Program	2004	http://pragprog.com/book/ltp2/learn-to-program	online: free	Self Published	2016-12-21 11:36:03.092155	2016-12-21 11:36:03.092155
88	Learning Devise for Rails	2013	https://www.packtpub.com/application-development/learning-devise-rails	ebook: $22	Packt Publishing	2016-12-21 11:36:03.142446	2016-12-21 11:36:03.142446
89	Learning Mongoid	2013	https://www.packtpub.com/big-data-and-business-intelligence/learning-mongoid	ebook: $22	Packt Publishing	2016-12-21 11:36:03.16917	2016-12-21 11:36:03.16917
90	Learning Rails 3: Rails from the Outside In	2012	http://shop.oreilly.com/product/0636920021322.do	ebook: $30, paperbook: $35	O'Reilly Media	2016-12-21 11:36:03.218194	2016-12-21 11:36:03.218194
91	Learning Rails 3: Rails from the Outside In	2016	http://shop.oreilly.com/product/0636920039822.do	ebook: $39, paperbook: $45	O'Reilly Media	2016-12-21 11:36:03.244523	2016-12-21 11:36:03.244523
92	Learning Ruby: The Language that Powers Rails	2007	http://shop.oreilly.com/product/9780596529864.do	ebook: $28, paperbook: $35	O'Reilly Media	2016-12-21 11:36:03.268892	2016-12-21 11:36:03.268892
93	Learning Sinatra	2016	https://www.packtpub.com/web-development/learning-sinatra	ebook: $29	Packt Publishing	2016-12-21 11:36:03.307225	2016-12-21 11:36:03.307225
94	Making Use of Ruby	2003	http://www.wiley.com/WileyCDA/WileyTitle/productCd-047121972X.html		Wiley	2016-12-21 11:36:03.327364	2016-12-21 11:36:03.327364
95	Master Ruby Web APIs	2016	http://master-ruby-web-apis.samurails.com	ebook: $39, medium package: $89, complete package $199	Self Published	2016-12-21 11:36:03.35549	2016-12-21 11:36:03.35549
96	Mastering Modern Payments: Using Stripe with Rails	2013	https://www.masteringmodernpayments.com/	ebook: $29, complete package $59, team package $299	Self Published	2016-12-21 11:36:03.384951	2016-12-21 11:36:03.384951
97	Merb Way, The	2009	http://www.informit.com/store/merb-way-9780132651684	ebook: $32	Addison-Wesley Professional	2016-12-21 11:36:03.416954	2016-12-21 11:36:03.416954
98	Metaprogramming Ruby: Program Like the Ruby Pros	2010	http://pragprog.com/book/ppmetr/metaprogramming-ruby		Pragmatic Bookshelf	2016-12-21 11:36:03.442197	2016-12-21 11:36:03.442197
99	Modular Rails	2015	http://modular-rails.samurails.com/	Complete Package: $149, Book + Resources + Source Code: $79, Book: $39	Self Published	2016-12-21 11:36:03.462644	2016-12-21 11:36:03.462644
100	Mongrel (Digital Shortcut): Serving, Deploying, and Extending Your Ruby Applications	2006	http://www.informit.com/store/mongrel-digital-shortcut-serving-deploying-and-extending-9780321483508	ebook: $20	Addison-Wesley Professional	2016-12-21 11:36:03.495931	2016-12-21 11:36:03.495931
101	Mr. Neighborly's Humble Little Ruby Book	2006	http://www.humblelittlerubybook.com/	ebook: $0, paperbook: $10	Self Published	2016-12-21 11:36:03.518124	2016-12-21 11:36:03.518124
102	Much Ado About Naught	2013	http://devblog.avdi.org/introduction-to-much-ado-about-naught/	ebook: $15	Self Published	2016-12-21 11:36:03.536337	2016-12-21 11:36:03.536337
103	Multitenancy with Rails	2016	https://leanpub.com/multi-tenancy-rails-2	ebook: $21 minimum, $26 suggested	Self Published	2016-12-21 11:36:03.557667	2016-12-21 11:36:03.557667
104	NetBeans Ruby and Rails IDE with JRuby	2008	http://www.apress.com/9781430216360	ebook: $21	apress	2016-12-21 11:36:03.600927	2016-12-21 11:36:03.600927
105	Objects on Rails: Notes on flexible web application design	2012	http://objectsonrails.com/	online: free, ebook: $5	Self Published	2016-12-21 11:36:03.621388	2016-12-21 11:36:03.621388
106	Practical JRuby on Rails Web 2.0 Projects	2007	http://www.apress.com/9781590598818	ebook: $31	apress	2016-12-21 11:36:03.654981	2016-12-21 11:36:03.654981
107	Practical Object-Oriented Design in Ruby: An Agile Primer	2012	http://www.informit.com/store/practical-object-oriented-design-in-ruby-an-agile-primer-9780321721334	ebook: $36, paperbook: $45	Addison-Wesley Professional	2016-12-21 11:36:03.666598	2016-12-21 11:36:03.666598
108	Practical Rails Plugins	2008	http://www.apress.com/9781590599938	ebook: $28	apress	2016-12-21 11:36:03.70497	2016-12-21 11:36:03.70497
109	Practical Rails Projects	2007	http://www.apress.com/9781590597811	ebook: $32	apress	2016-12-21 11:36:03.717928	2016-12-21 11:36:03.717928
110	Practical Rails Social Networking Sites	2007	http://www.apress.com/9781590598412	ebook: $32	apress	2016-12-21 11:36:03.745413	2016-12-21 11:36:03.745413
111	Practical Reporting with Ruby and Rails	2008	http://www.apress.com/9781590599334	ebook: $31	apress	2016-12-21 11:36:03.763852	2016-12-21 11:36:03.763852
112	Practical REST on Rails 2 Projects	2008	http://www.apress.com/9781590599945	ebook: $31	apress	2016-12-21 11:36:03.794714	2016-12-21 11:36:03.794714
113	Practical Ruby for System Administration	2007	http://www.apress.com/9781590598214	ebook: $32	apress	2016-12-21 11:36:03.820707	2016-12-21 11:36:03.820707
114	Practical Ruby Gems	2007	http://www.apress.com/9781590598115	ebook: $28	apress	2016-12-21 11:36:03.841193	2016-12-21 11:36:03.841193
115	Practical Ruby Projects	2007	http://www.apress.com/9781590599112	ebook: $32	apress	2016-12-21 11:36:03.876281	2016-12-21 11:36:03.876281
116	Practicing Rails: A Guide to Learning Rails Without Getting Overwhelmed	2014	http://www.justinweiss.com/book/	ebook: $49	Self Published	2016-12-21 11:36:03.900121	2016-12-21 11:36:03.900121
117	Pro Active Record	2007	http://www.apress.com/9781590598474	ebook: $28	apress	2016-12-21 11:36:03.945102	2016-12-21 11:36:03.945102
118	Professional Ruby on Rails	2008	http://www.wiley.com/WileyCDA/WileyTitle/productCd-047022388X.html	ebook: $40	Wiley	2016-12-21 11:36:03.970503	2016-12-21 11:36:03.970503
119	Programming Cocoa with Ruby: Create Compelling Mac Apps Using RubyCocoa	2009	http://pragprog.com/book/bmrc/programming-cocoa-with-ruby		Pragmatic Bookshelf	2016-12-21 11:36:03.998471	2016-12-21 11:36:03.998471
120	Programming Ruby (2nd edition): The Pragmatic Programmers' Guide	2004	http://pragprog.com/book/ruby/programming-ruby	ebook: $25.00	Pragmatic Bookshelf	2016-12-21 11:36:04.0496	2016-12-21 11:36:04.0496
121	Programming Ruby 1.9 & 2.0 (4th edition): The Pragmatic Programmers' Guide	2013	http://pragprog.com/book/ruby4/programming-ruby-1-9-2-0	ebook: $28, paperbook: $50	Pragmatic Bookshelf	2016-12-21 11:36:04.067224	2016-12-21 11:36:04.067224
122	Programming Ruby 1.9 (3rd edition): The Pragmatic Programmers' Guide	2009	http://pragprog.com/book/ruby3/programming-ruby-1-9		Pragmatic Bookshelf	2016-12-21 11:36:04.09236	2016-12-21 11:36:04.09236
123	Programming Ruby: The Pragmatic Programmers' Guide	2004	http://ruby-doc.com/docs/ProgrammingRuby/	HTML: free	Pragmatic Bookshelf	2016-12-21 11:36:04.147305	2016-12-21 11:36:04.147305
124	Rails 3 Way, The, 2nd Edition	2010	http://www.informit.com/store/rails-3-way-9780321601667	ebook: $40	Addison-Wesley Professional	2016-12-21 11:36:04.182007	2016-12-21 11:36:04.182007
125	Rails 4 Application Development	2014	https://www.packtpub.com/application-development/rails-4-application-development-hotshot	ebook: $36	Packt Publishing	2016-12-21 11:36:04.209954	2016-12-21 11:36:04.209954
126	Rails 4 Test Prescriptions	2014	https://pragprog.com/book/nrtest2/rails-4-test-prescriptions	ebook: $25.00, paperbook: $38	Pragmatic Bookshelf	2016-12-21 11:36:04.23048	2016-12-21 11:36:04.23048
127	Rails 5 Revealed	2016	http://www.apress.com/web-development/ruby-rails/9781484217085	ebook: $14	apress	2016-12-21 11:36:04.251983	2016-12-21 11:36:04.251983
128	Rails AntiPatterns: Best Practice Ruby on Rails Refactoring	2010	http://www.informit.com/store/rails-antipatterns-best-practice-ruby-on-rails-refactoring-9780321604811	ebook: $36, paperbook: $45	Addison-Wesley Professional	2016-12-21 11:36:04.285391	2016-12-21 11:36:04.285391
129	Rails As She Is Spoke	2012	http://railsoopbook.com/	ebook: $37	Self Published	2016-12-21 11:36:04.314834	2016-12-21 11:36:04.314834
130	Rails Cookbook: Recipes for Rapid Web Development with Ruby	2007	http://shop.oreilly.com/product/9780596527310.do	ebook: $32, paperbook: $40	O'Reilly Media	2016-12-21 11:36:04.343027	2016-12-21 11:36:04.343027
131	Rails Crash Course	2014	http://www.nostarch.com/railscrashcourse	ebook: $28, paperbook: $35	No Starch Press	2016-12-21 11:36:04.369452	2016-12-21 11:36:04.369452
132	Rails for .NET Developers	2008	http://pragprog.com/book/cerailn/rails-for-net-developers		Pragmatic Bookshelf	2016-12-21 11:36:04.417494	2016-12-21 11:36:04.417494
133	Rails for Java Developers	2007	http://pragprog.com/book/fr_r4j/rails-for-java-developers		Pragmatic Bookshelf	2016-12-21 11:36:04.454874	2016-12-21 11:36:04.454874
134	Rails meets React	2015	http://blog.arkency.com/rails-react/	ebook: $49	Self Published	2016-12-21 11:36:04.483243	2016-12-21 11:36:04.483243
135	Rails on Windows	2009	http://shop.oreilly.com/product/9780596529659.do	ebook: $10	O'Reilly Media	2016-12-21 11:36:04.520089	2016-12-21 11:36:04.520089
136	Efficient Rails DevOps	2015	https://efficientrailsdevops.com/	ebook: $50	Self Published	2016-12-21 11:36:04.533991	2016-12-21 11:36:04.533991
137	Rails Pocket Reference: A Quick Guide to Rails	2008	http://shop.oreilly.com/product/9780596520717.do	ebook: $8, paperbook: $15	O'Reilly Media	2016-12-21 11:36:04.564485	2016-12-21 11:36:04.564485
138	Rails Recipes: Rails 3 Edition	2012	http://pragprog.com/book/rr2/rails-recipes		Pragmatic Bookshelf	2016-12-21 11:36:04.584331	2016-12-21 11:36:04.584331
139	Rails Routing (Digital Shortcut)	2007	http://www.informit.com/store/rails-routing-digital-shortcut-9780321509246	ebook: $20	Addison-Wesley Professional	2016-12-21 11:36:04.617907	2016-12-21 11:36:04.617907
140	Rails Solutions	2007	http://www.apress.com/9781590597521	ebook: $25	apress	2016-12-21 11:36:04.638381	2016-12-21 11:36:04.638381
141	Rails Test Prescriptions: Keeping Your Application Healthy	2011	http://pragprog.com/book/nrtest/rails-test-prescriptions		Pragmatic Bookshelf	2016-12-21 11:36:04.658254	2016-12-21 11:36:04.658254
142	Rails Way, The	2007	http://www.informit.com/store/rails-way-9780321445612	ebook: $44	Addison-Wesley Professional	2016-12-21 11:36:04.678827	2016-12-21 11:36:04.678827
143	Rails, Angular, Postgres, and Bootstrap	2015	https://pragprog.com/book/dcbang/rails-angular-postgres-and-bootstrap	ebook: $24	Pragmatic Bookshelf	2016-12-21 11:36:04.701558	2016-12-21 11:36:04.701558
144	Rails: Up and Running, 2nd Edition: Lightning-Fast Web Development	2008	http://shop.oreilly.com/product/9780596522018.do	ebook: $24, paperbook: $30	O'Reilly Media	2016-12-21 11:36:04.735558	2016-12-21 11:36:04.735558
145	RailsSpace: Building a Social Networking Website with Ruby on Rails™	2007	http://www.informit.com/store/railsspace-building-a-social-networking-website-with-9780321480798	ebook: $44, paperbook: $54	Addison-Wesley Professional	2016-12-21 11:36:04.770666	2016-12-21 11:36:04.770666
146	Rake Task Management Essentials	2014	https://www.packtpub.com/hardware-and-creative/rake-task-management-essentials	ebook: $17	Packt Publishing	2016-12-21 11:36:04.805971	2016-12-21 11:36:04.805971
147	Read Ruby	2010	http://readruby.chengguangnan.com/	free	Self Published	2016-12-21 11:36:04.839464	2016-12-21 11:36:04.839464
148	Refactoring in Ruby	2009	http://www.informit.com/store/refactoring-in-ruby-9780132651400	ebook: $35	Addison-Wesley Professional	2016-12-21 11:36:04.873226	2016-12-21 11:36:04.873226
149	Refactoring: Ruby Edition	2009	http://www.informit.com/store/refactoring-ruby-edition-9780321603500	ebook: $40	Addison-Wesley Professional	2016-12-21 11:36:04.92217	2016-12-21 11:36:04.92217
150	Reliably Deploying Rails Applications	2014	https://leanpub.com/deploying_rails_applications	ebook: $21 minimum, $32 suggested	Self Published	2016-12-21 11:36:04.94668	2016-12-21 11:36:04.94668
151	RESTful Rails Development	2015	http://shop.oreilly.com/product/0636920034469.do	ebook: $34, paperbook: $40	O'Reilly Media	2016-12-21 11:36:04.976783	2016-12-21 11:36:04.976783
152	Riding Rails with AngularJS	2013	https://leanpub.com/angularjs-rails	ebook: $16	Self Published	2016-12-21 11:36:05.002638	2016-12-21 11:36:05.002638
153	RJS Templates for Rails	2006	http://shop.oreilly.com/product/9780596528096.do	ebook: $10	O'Reilly Media	2016-12-21 11:36:05.029216	2016-12-21 11:36:05.029216
154	RSpec Essentials	2016	https://www.packtpub.com/web-development/rspec-essentials	ebook: $39	Packt Publishing	2016-12-21 11:36:05.05811	2016-12-21 11:36:05.05811
155	Ruby and MongoDB Web Development Beginner's Guide	2012	http://www.packtpub.com/ruby-and-mongodb-web-development-beginners-guide/book	ebook: $32	Packt Publishing	2016-12-21 11:36:05.077098	2016-12-21 11:36:05.077098
156	Ruby Best Practices: Increase Your Productivity - Write Better Code	2009	http://shop.oreilly.com/product/9780596523015.do	ebook: $28, paperbook: $35	O'Reilly Media	2016-12-21 11:36:05.102692	2016-12-21 11:36:05.102692
157	Ruby by Example: Concepts and Code	2007	https://www.nostarch.com/ruby.htm	ebook: $24	No Starch Press	2016-12-21 11:36:05.130314	2016-12-21 11:36:05.130314
158	Ruby Cookbook: Recipes for Object Oriented Scripting	2006	http://shop.oreilly.com/product/9780596523695.do	ebook: $40, paperbook: $50	O'Reilly Media	2016-12-21 11:36:05.168683	2016-12-21 11:36:05.168683
159	Ruby Developers Guide	2002	http://shop.oreilly.com/product/9781928994640.do	ebook: $52	Elsevier / Syngress	2016-12-21 11:36:05.189726	2016-12-21 11:36:05.189726
160	Ruby DSL Handbook	2015	http://clean-ruby.com/dsl	ebook: $24, plus package: $47, complete package $119, team package $599	Self Published	2016-12-21 11:36:05.216936	2016-12-21 11:36:05.216936
161	Ruby Essentials	2008	http://www.techotopia.com/index.php/Ruby_Essentials	online: free, ebook: $9	Self Published	2016-12-21 11:36:05.245803	2016-12-21 11:36:05.245803
162	Ruby For Kids For Dummies	2016	http://www.wiley.com/WileyCDA/WileyTitle/productCd-1119055903.html	ebook: $20, paperbook: $30	Wiley	2016-12-21 11:36:05.282618	2016-12-21 11:36:05.282618
163	Ruby Hacking Guide	2004	http://ruby-hacking-guide.github.io/	ebook: free	Self Published	2016-12-21 11:36:05.318631	2016-12-21 11:36:05.318631
164	Ruby in a Nutshell	2001	http://shop.oreilly.com/product/9780596002145.do	ebook: $20, paperbook: $25	O'Reilly Media	2016-12-21 11:36:05.342494	2016-12-21 11:36:05.342494
165	Ruby Kin	2014	https://leanpub.com/rubykin	ebook: $1 minimum, $5 suggested	Self Published	2016-12-21 11:36:05.372352	2016-12-21 11:36:05.372352
166	Ruby on Rails 4.2 for Autodidacts	2015	http://www.amazon.com/gp/product/B00YPU5MGS	ebook: $10	Self Published	2016-12-21 11:36:05.400122	2016-12-21 11:36:05.400122
167	Ruby on Rails Bible	2008	http://www.wiley.com/WileyCDA/WileyTitle/productCd-0470258225.html	ebook: $30, paperbook: $45	Wiley	2016-12-21 11:36:05.427009	2016-12-21 11:36:05.427009
168	Ruby on Rails Enterprise Application Development	2007	https://www.packtpub.com/web-development/ruby-rails-enterprise-application-development-plan-program-extend	ebook: $23	Packt Publishing	2016-12-21 11:36:05.463585	2016-12-21 11:36:05.463585
169	Ruby on Rails Explained for Front-End Developers	2013	https://leanpub.com/rorfrontend	ebook: $5 minimum, $10 suggested	Self Published	2016-12-21 11:36:05.487968	2016-12-21 11:36:05.487968
170	Ruby on Rails For Dummies	2007	http://www.wiley.com/WileyCDA/WileyTitle/productCd-0470081201.html	ebook: $23, paperbook: $35	Wiley	2016-12-21 11:36:05.516655	2016-12-21 11:36:05.516655
171	Ruby on Rails for Microsoft Developers	2009	http://www.wiley.com/WileyCDA/WileyTitle/productCd-0470374950.html	ebook: $33	Wiley	2016-12-21 11:36:05.544249	2016-12-21 11:36:05.544249
172	Ruby on Rails for PHP and Java Developers	2007	http://www.apress.com/9783540731443	ebook: $50	apress	2016-12-21 11:36:05.57514	2016-12-21 11:36:05.57514
173	Ruby on Rails Tutorial (Rails 5)	2016	https://www.railstutorial.org/	online: free, ebook: $39, HTML + screencasts: $149, HTML + ebook + screencasts: $169, HTML + ebook + screencasts + all previous versions: $349	Self Published	2016-12-21 11:36:05.597018	2016-12-21 11:36:05.597018
174	Ruby on Rails Web Mashup Projects	2008	https://www.packtpub.com/web-development/ruby-rails-web-mashup-projects	ebook: $32	Packt Publishing	2016-12-21 11:36:05.619621	2016-12-21 11:36:05.619621
175	Ruby on Rails: Up and Running: Lightning Fast Web Development	2006	http://shop.oreilly.com/product/9780596101329.do	ebook: $24	O'Reilly Media	2016-12-21 11:36:05.640072	2016-12-21 11:36:05.640072
176	Ruby on Windows Guides	2015	http://rubyonwindowsguides.github.io/	online: free	Self Published	2016-12-21 11:36:05.671228	2016-12-21 11:36:05.671228
177	Ruby Performance Optimization: Why Ruby Is Slow, and How to Fix It	2015	https://pragprog.com/book/adrpo/ruby-performance-optimization	ebook: $24, paperbook: $36	Pragmatic Bookshelf	2016-12-21 11:36:05.708062	2016-12-21 11:36:05.708062
178	Ruby Phrasebook	2008	http://www.informit.com/store/ruby-phrasebook-9780672328978	paperbook: $30	Addison-Wesley Professional	2016-12-21 11:36:05.731773	2016-12-21 11:36:05.731773
179	Ruby Pocket Reference	2007	http://shop.oreilly.com/product/9780596514815.do		O'Reilly Media	2016-12-21 11:36:05.750846	2016-12-21 11:36:05.750846
180	Ruby Quick Syntax Reference	2014	http://www.apress.com/9781430265689	ebook: $14	apress	2016-12-21 11:36:05.782616	2016-12-21 11:36:05.782616
181	Ruby Science: The reference for writing fantastic Rails applications	2013	https://gumroad.com/l/ruby-science	ebook: $30	thoughtbot	2016-12-21 11:36:05.802062	2016-12-21 11:36:05.802062
182	Ruby Under a Microscope: An Illustrated Guide to Ruby Internals	2013	http://nostarch.com/rum	ebook: $32, paperbook: $40	No Starch Press	2016-12-21 11:36:05.831769	2016-12-21 11:36:05.831769
183	Ruby Way, 3rd edition: Solutions and Techniques in Ruby Programming	2015	http://www.informit.com/store/ruby-way-solutions-and-techniques-in-ruby-programming-9780321714633	ebook: $40, paperbook: $50	Addison-Wesley Professional	2016-12-21 11:36:05.867526	2016-12-21 11:36:05.867526
184	Ruby Way, Second Edition, The: Solutions and Techniques in Ruby Programming, 2nd Edition	2006	http://www.informit.com/store/ruby-way-second-edition-solutions-and-techniques-in-9780672328848		Addison-Wesley Professional	2016-12-21 11:36:05.877002	2016-12-21 11:36:05.877002
185	Ruby Way, The	2001	http://www.informit.com/store/ruby-way-9780672320835	ebook: $32, paperbook: $40	Sams	2016-12-21 11:36:05.890954	2016-12-21 11:36:05.890954
186	Ruby Wizardry: An Introduction to Programming for Kids	2014	http://www.nostarch.com/rubywizardry	ebook: $24, paperbook: $30	No Starch Press	2016-12-21 11:36:05.917838	2016-12-21 11:36:05.917838
187	Learning Rails 3: Rails from the Outside In	2008	http://www.informit.com/store/ruby-visual-quickstart-guide-9780321602565	ebook: $28	Addison-Wesley Professional	2016-12-21 11:36:05.942495	2016-12-21 11:36:05.942495
188	RubyFu	2016	http://rubyfu.net/	free	Self Published	2016-12-21 11:36:05.969983	2016-12-21 11:36:05.969983
189	Rubyisms in Rails (Digital Short Cut)	2006	http://www.informit.com/store/rubyisms-in-rails-digital-short-cut-9780321474070	ebook: $15	Addison-Wesley Professional	2016-12-21 11:36:05.997498	2016-12-21 11:36:05.997498
190	RubyMotion iOS Development Essentials	2013	https://www.packtpub.com/application-development/rubymotion-ios-development-essentials	ebook: $32	Packt Publishing	2016-12-21 11:36:06.036208	2016-12-21 11:36:06.036208
191	RubyMotion	2012	http://pragprog.com/book/carubym/rubymotion		Pragmatic Bookshelf	2016-12-21 11:36:06.058993	2016-12-21 11:36:06.058993
192	Sams Teach Yourself Ruby in 21 Days	2002	http://www.informit.com/store/sams-teach-yourself-ruby-in-21-days-9780672322525	ebook: $40, paperbook: $40	Sams	2016-12-21 11:36:06.086662	2016-12-21 11:36:06.086662
193	Scripted GUI Testing with Ruby	2008	http://pragprog.com/book/idgtr/scripted-gui-testing-with-ruby		Pragmatic Bookshelf	2016-12-21 11:36:06.116447	2016-12-21 11:36:06.116447
194	Scripting Intelligence	2009	http://www.apress.com/9781430223511	ebook: $31	apress	2016-12-21 11:36:06.140266	2016-12-21 11:36:06.140266
195	Security on Rails	2009	https://pragprog.com/book/fr_secure/security-on-rails		Pragmatic Bookshelf	2016-12-21 11:36:06.187976	2016-12-21 11:36:06.187976
196	Selenium Recipes in Ruby	2014	https://leanpub.com/selenium_recipes	ebook: $10 minimum, $21 suggested	Self Published	2016-12-21 11:36:06.204475	2016-12-21 11:36:06.204475
197	Service-Oriented Design with Ruby and Rails	2010	http://www.informit.com/store/service-oriented-design-with-ruby-and-rails-9780321659361	ebook: $40, paperbook: $50	Addison-Wesley Professional	2016-12-21 11:36:06.244016	2016-12-21 11:36:06.244016
198	Shopify Application Development	2014	https://www.packtpub.com/web-development/shopify-application-development	ebook: $22	Packt Publishing	2016-12-21 11:36:06.268273	2016-12-21 11:36:06.268273
199	Sinatra: Up and Running: Ruby for the Web, Simply	2011	http://shop.oreilly.com/product/0636920019664.do	ebook: $17, paperbook: $20	O'Reilly Media	2016-12-21 11:36:06.310275	2016-12-21 11:36:06.310275
200	Software As A Disservice	2013	http://gilesbowkett.blogspot.com/2013/10/new-ebook-software-as-disservice-fixing.html	ebook: $23	Self Published	2016-12-21 11:36:06.3263	2016-12-21 11:36:06.3263
201	Test Driven Ajax (on Rails)	2007	http://shop.oreilly.com/product/9780596510657.do	ebook: $10	O'Reilly Media	2016-12-21 11:36:06.357598	2016-12-21 11:36:06.357598
202	Testing Rails	2015	https://gumroad.com/l/testing-rails	ebook: $25	thoughtbot	2016-12-21 11:36:06.378909	2016-12-21 11:36:06.378909
203	Text Processing with Ruby	2015	https://pragprog.com/book/rmtpruby/text-processing-with-ruby	ebook: $24, paperbook: $36	Pragmatic Bookshelf	2016-12-21 11:36:06.405803	2016-12-21 11:36:06.405803
204	The Art of Rails	2008	http://www.wiley.com/WileyCDA/WileyTitle/productCd-0470189487.html	ebook: $26	Wiley	2016-12-21 11:36:06.434518	2016-12-21 11:36:06.434518
205	The Bastards Book of Ruby: A Programming Primer for Counting and Other Unconventional Tasks	2011	http://ruby.bastardsbook.com/	ebook: free	Self Published	2016-12-21 11:36:06.463495	2016-12-21 11:36:06.463495
206	The Book of Ruby: A Hands-On Guide for the Adventurous	2011	http://www.nostarch.com/ruby	ebook: $32, paperbook: $40	No Starch Press	2016-12-21 11:36:06.488828	2016-12-21 11:36:06.488828
207	The Complete Guide to Rails Performance	2016	https://www.railsspeed.com/	ebook: $99, ebook + 20 screencasts + Q&A session videos + Rubyist interviews: $199	Self Published	2016-12-21 11:36:06.518161	2016-12-21 11:36:06.518161
208	The Cucumber Book: Behaviour-Driven Development for Testers and Developers	2012	http://pragprog.com/book/hwcuc/the-cucumber-book	ebook: $23, paperbook: $30	Pragmatic Bookshelf	2016-12-21 11:36:06.557589	2016-12-21 11:36:06.557589
209	The dRuby Book: Distributed and Parallel Computing with Ruby	2012	http://pragprog.com/book/sidruby/the-druby-book		Pragmatic Bookshelf	2016-12-21 11:36:06.590746	2016-12-21 11:36:06.590746
210	The Happy Lambda	2014	https://leanpub.com/happylambda	ebook: $5 minimum, $10 suggested	Self Published	2016-12-21 11:36:06.612691	2016-12-21 11:36:06.612691
211	The Little Book Of Ruby	2008	http://www.sapphiresteel.com/Tutorials/sapphire-ruby-in-steel-tutorials/Programming/article/the-little-book-of-ruby.html	free	Self Published	2016-12-21 11:36:06.631867	2016-12-21 11:36:06.631867
212	The Minitest Cookbook	2015	http://chriskottom.com/minitestcookbook/	ebook: $39	Self Published	2016-12-21 11:36:06.66185	2016-12-21 11:36:06.66185
213	The Rails View: Create a Beautiful and Maintainable User Experience	2012	http://pragprog.com/book/warv/the-rails-view		Pragmatic Bookshelf	2016-12-21 11:36:06.70205	2016-12-21 11:36:06.70205
214	The Rake Field Manual	2014	http://www.rakefieldmanual.com/	ebook: $25	Self Published	2016-12-21 11:36:06.716216	2016-12-21 11:36:06.716216
215	The RSpec Book: Behaviour-Driven Development with RSpec, Cucumber, and Friends	2010	http://pragprog.com/book/achbd/the-rspec-book		Pragmatic Bookshelf	2016-12-21 11:36:06.772821	2016-12-21 11:36:06.772821
216	The Ruby Closures Book	2015	http://rubyclosur.es/	ebook: $20 minimum, $30 suggested	Self Published	2016-12-21 11:36:06.800814	2016-12-21 11:36:06.800814
217	The Ruby Programming Language	2008	http://shop.oreilly.com/product/9780596516178.do	ebook: $34, paperbook: $40	O'Reilly Media	2016-12-21 11:36:06.83025	2016-12-21 11:36:06.83025
218	Trailblazer A New Architecture For Rails	2014	https://leanpub.com/trailblazer	ebook: $32 minimum, $41 suggested	Self Published	2016-12-21 11:36:06.855536	2016-12-21 11:36:06.855536
219	Troubleshooting Ruby Processes: Leveraging System Tools when the Usual Ruby Tricks Stop Working (Digital Short Cut)	2007	http://www.informit.com/store/troubleshooting-ruby-processes-leveraging-system-tools-9780321544681	ebook: $13	Addison-Wesley Professional	2016-12-21 11:36:06.879173	2016-12-21 11:36:06.879173
220	Unfuck A Monorail For Great Justice	2013	http://gilesbowkett.blogspot.com/2013/03/new-ebook-unfuck-monorail-for-great.html	ebook: $41	Self Published	2016-12-21 11:36:06.901686	2016-12-21 11:36:06.901686
221	Upgrade to Rails 4: A thorough guide for upgrading your Rails 3 app	2013	https://leanpub.com/upgradetorails4	ebook: $10 minimum, $18 suggested	Self Published	2016-12-21 11:36:06.944485	2016-12-21 11:36:06.944485
222	Upgrading to Rails 4	2013	https://github.com/alindeman/upgradingtorails4	ebook: free	Self Published	2016-12-21 11:36:06.979887	2016-12-21 11:36:06.979887
223	Using JRuby: Bringing Ruby to Java	2011	http://pragprog.com/book/jruby/using-jruby		Pragmatic Bookshelf	2016-12-21 11:36:07.027812	2016-12-21 11:36:07.027812
224	Web Application Testing in Ruby	2014	https://leanpub.com/watirbook	online: free, ebook: free minimum, $10 suggested	Self Published	2016-12-21 11:36:07.05572	2016-12-21 11:36:07.05572
225	Web Services on Rails	2006	http://shop.oreilly.com/product/9780596527969.do	ebook: $10	O'Reilly Media	2016-12-21 11:36:07.076728	2016-12-21 11:36:07.076728
226	What do I test?	2013	https://whatdoitest.com/	$19	Self Published	2016-12-21 11:36:07.106413	2016-12-21 11:36:07.106413
227	Why's Poignant Guide to Ruby	2005	http://mislav.uniqpath.com/poignant-guide/	ebook: $0	Self Published	2016-12-21 11:36:07.134299	2016-12-21 11:36:07.134299
228	Wicked Cool Ruby Scripts: Useful Scripts that Solve Difficult Problems	2008	https://www.nostarch.com/wcruby.htm	ebook: $24, paperbook: $30	No Starch Press	2016-12-21 11:36:07.164162	2016-12-21 11:36:07.164162
229	Working with Ruby Threads	2013	http://www.jstorimer.com/products/working-with-ruby-threads	ebook: $39, ebook + interviews + transcripts: $55, ebook + interviews + transcripts + team license: $199	Self Published	2016-12-21 11:36:07.187563	2016-12-21 11:36:07.187563
230	Working With TCP Sockets	2012	http://www.jstorimer.com/products/working-with-tcp-sockets	ebook: $39, ebook + cheat sheet + video: $55, ebook + cheat sheet + video + team license: $199	Self Published	2016-12-21 11:36:07.204274	2016-12-21 11:36:07.204274
231	Working With Unix Processes	2011	http://www.jstorimer.com/products/working-with-unix-processes	ebook: $39	Self Published	2016-12-21 11:36:07.220044	2016-12-21 11:36:07.220044
232	Write Yourself a Roguelike	2015	https://gumroad.com/l/write-yourself-a-roguelike	ebook: $25	thoughtbot	2016-12-21 11:36:07.250577	2016-12-21 11:36:07.250577
233	Writing Efficient Ruby Code (Digital Short Cut)	2007	http://www.informit.com/store/writing-efficient-ruby-code-digital-short-cut-9780321540034	ebook: $13	Addison-Wesley Professional	2016-12-21 11:36:07.273931	2016-12-21 11:36:07.273931
\.


--
-- Name: books_id_seq; Type: SEQUENCE SET; Schema: public; Owner: gstark
--

SELECT pg_catalog.setval('books_id_seq', 233, true);


--
-- Data for Name: categories; Type: TABLE DATA; Schema: public; Owner: gstark
--

COPY categories (id, name, created_at, updated_at) FROM stdin;
1	object-oriented programming	2016-12-21 11:36:00.336104	2016-12-21 11:36:00.336104
2	Rails	2016-12-21 11:36:00.451117	2016-12-21 11:36:00.451117
3	Rails advanced	2016-12-21 11:36:00.460653	2016-12-21 11:36:00.460653
4	Ajax	2016-12-21 11:36:00.573825	2016-12-21 11:36:00.573825
5	AngularJS	2016-12-21 11:36:00.615958	2016-12-21 11:36:00.615958
6	front-end	2016-12-21 11:36:00.624365	2016-12-21 11:36:00.624365
7	API	2016-12-21 11:36:00.653615	2016-12-21 11:36:00.653615
8	free	2016-12-21 11:36:00.662652	2016-12-21 11:36:00.662652
9	testing	2016-12-21 11:36:00.697717	2016-12-21 11:36:00.697717
10	IDE	2016-12-21 11:36:00.728764	2016-12-21 11:36:00.728764
11	iOS	2016-12-21 11:36:00.791587	2016-12-21 11:36:00.791587
12	maps	2016-12-21 11:36:00.848567	2016-12-21 11:36:00.848567
13	beginner	2016-12-21 11:36:00.890021	2016-12-21 11:36:00.890021
14	ecommerce	2016-12-21 11:36:01.017418	2016-12-21 11:36:01.017418
15	gems	2016-12-21 11:36:01.164785	2016-12-21 11:36:01.164785
16	scripting	2016-12-21 11:36:01.194882	2016-12-21 11:36:01.194882
17	deployment	2016-12-21 11:36:01.22597	2016-12-21 11:36:01.22597
18	Sinatra	2016-12-21 11:36:01.259226	2016-12-21 11:36:01.259226
19	examples	2016-12-21 11:36:01.383687	2016-12-21 11:36:01.383687
20	algorithms	2016-12-21 11:36:01.431592	2016-12-21 11:36:01.431592
21	Crystal	2016-12-21 11:36:01.532699	2016-12-21 11:36:01.532699
22	debugging	2016-12-21 11:36:01.593332	2016-12-21 11:36:01.593332
23	JRuby	2016-12-21 11:36:01.73416	2016-12-21 11:36:01.73416
24	game	2016-12-21 11:36:01.816052	2016-12-21 11:36:01.816052
25	database	2016-12-21 11:36:01.87399	2016-12-21 11:36:01.87399
26	exceptions	2016-12-21 11:36:02.105614	2016-12-21 11:36:02.105614
27	refactoring	2016-12-21 11:36:02.197906	2016-12-21 11:36:02.197906
28	Flex	2016-12-21 11:36:02.244153	2016-12-21 11:36:02.244153
29	Java	2016-12-21 11:36:02.303354	2016-12-21 11:36:02.303354
30	functional	2016-12-21 11:36:02.366122	2016-12-21 11:36:02.366122
31	GUI	2016-12-21 11:36:02.397442	2016-12-21 11:36:02.397442
32	Nokogiri	2016-12-21 11:36:02.589133	2016-12-21 11:36:02.589133
33	IronRuby	2016-12-21 11:36:02.781934	2016-12-21 11:36:02.781934
34	metaprogramming	2016-12-21 11:36:02.923895	2016-12-21 11:36:02.923895
35	Merb	2016-12-21 11:36:03.403674	2016-12-21 11:36:03.403674
36	Mac	2016-12-21 11:36:03.984424	2016-12-21 11:36:03.984424
37	reference	2016-12-21 11:36:04.035254	2016-12-21 11:36:04.035254
38	Windows	2016-12-21 11:36:04.403185	2016-12-21 11:36:04.403185
39	React	2016-12-21 11:36:04.467305	2016-12-21 11:36:04.467305
40	Rake	2016-12-21 11:36:04.792877	2016-12-21 11:36:04.792877
41	DSL	2016-12-21 11:36:05.204385	2016-12-21 11:36:05.204385
42	children	2016-12-21 11:36:05.269115	2016-12-21 11:36:05.269115
43	ruby internals	2016-12-21 11:36:05.30494	2016-12-21 11:36:05.30494
44	PHP	2016-12-21 11:36:05.558963	2016-12-21 11:36:05.558963
45	performance	2016-12-21 11:36:05.694828	2016-12-21 11:36:05.694828
46	security	2016-12-21 11:36:06.173648	2016-12-21 11:36:06.173648
47	services	2016-12-21 11:36:06.229358	2016-12-21 11:36:06.229358
48	concurrency	2016-12-21 11:36:06.577325	2016-12-21 11:36:06.577325
49	Rails-upgrade	2016-12-21 11:36:06.93004	2016-12-21 11:36:06.93004
50	Rails upgrade	2016-12-21 11:36:06.96462	2016-12-21 11:36:06.96462
\.


--
-- Name: categories_id_seq; Type: SEQUENCE SET; Schema: public; Owner: gstark
--

SELECT pg_catalog.setval('categories_id_seq', 50, true);


--
-- Data for Name: categorizations; Type: TABLE DATA; Schema: public; Owner: gstark
--

COPY categorizations (id, category_id, book_id, created_at, updated_at) FROM stdin;
1	1	1	2016-12-21 11:36:00.436507	2016-12-21 11:36:00.436507
2	2	2	2016-12-21 11:36:00.476814	2016-12-21 11:36:00.476814
3	3	2	2016-12-21 11:36:00.477997	2016-12-21 11:36:00.477997
4	2	3	2016-12-21 11:36:00.522833	2016-12-21 11:36:00.522833
5	2	4	2016-12-21 11:36:00.533297	2016-12-21 11:36:00.533297
6	2	5	2016-12-21 11:36:00.552371	2016-12-21 11:36:00.552371
7	2	6	2016-12-21 11:36:00.591142	2016-12-21 11:36:00.591142
8	4	6	2016-12-21 11:36:00.592257	2016-12-21 11:36:00.592257
9	5	7	2016-12-21 11:36:00.637142	2016-12-21 11:36:00.637142
10	6	7	2016-12-21 11:36:00.63802	2016-12-21 11:36:00.63802
11	2	7	2016-12-21 11:36:00.639012	2016-12-21 11:36:00.639012
12	7	8	2016-12-21 11:36:00.68016	2016-12-21 11:36:00.68016
13	8	8	2016-12-21 11:36:00.68128	2016-12-21 11:36:00.68128
14	2	8	2016-12-21 11:36:00.6823	2016-12-21 11:36:00.6823
15	9	9	2016-12-21 11:36:00.714398	2016-12-21 11:36:00.714398
16	10	10	2016-12-21 11:36:00.745554	2016-12-21 11:36:00.745554
17	6	11	2016-12-21 11:36:00.76925	2016-12-21 11:36:00.76925
18	2	11	2016-12-21 11:36:00.770569	2016-12-21 11:36:00.770569
19	8	12	2016-12-21 11:36:00.809293	2016-12-21 11:36:00.809293
20	11	12	2016-12-21 11:36:00.810471	2016-12-21 11:36:00.810471
21	2	13	2016-12-21 11:36:00.86375	2016-12-21 11:36:00.86375
22	12	13	2016-12-21 11:36:00.864615	2016-12-21 11:36:00.864615
23	13	14	2016-12-21 11:36:00.914428	2016-12-21 11:36:00.914428
24	2	14	2016-12-21 11:36:00.91532	2016-12-21 11:36:00.91532
25	13	15	2016-12-21 11:36:00.952152	2016-12-21 11:36:00.952152
26	2	15	2016-12-21 11:36:00.953015	2016-12-21 11:36:00.953015
27	13	16	2016-12-21 11:36:00.991396	2016-12-21 11:36:00.991396
28	2	16	2016-12-21 11:36:00.992273	2016-12-21 11:36:00.992273
29	2	17	2016-12-21 11:36:01.035556	2016-12-21 11:36:01.035556
30	14	17	2016-12-21 11:36:01.036661	2016-12-21 11:36:01.036661
31	13	18	2016-12-21 11:36:01.060505	2016-12-21 11:36:01.060505
32	2	18	2016-12-21 11:36:01.061623	2016-12-21 11:36:01.061623
33	13	19	2016-12-21 11:36:01.089213	2016-12-21 11:36:01.089213
34	2	21	2016-12-21 11:36:01.143252	2016-12-21 11:36:01.143252
35	6	21	2016-12-21 11:36:01.144313	2016-12-21 11:36:01.144313
36	15	22	2016-12-21 11:36:01.180847	2016-12-21 11:36:01.180847
37	16	23	2016-12-21 11:36:01.211308	2016-12-21 11:36:01.211308
38	17	24	2016-12-21 11:36:01.244026	2016-12-21 11:36:01.244026
39	8	24	2016-12-21 11:36:01.245088	2016-12-21 11:36:01.245088
40	18	25	2016-12-21 11:36:01.275356	2016-12-21 11:36:01.275356
41	2	26	2016-12-21 11:36:01.29776	2016-12-21 11:36:01.29776
42	17	27	2016-12-21 11:36:01.338985	2016-12-21 11:36:01.338985
43	2	27	2016-12-21 11:36:01.340054	2016-12-21 11:36:01.340054
44	1	28	2016-12-21 11:36:01.363521	2016-12-21 11:36:01.363521
45	19	29	2016-12-21 11:36:01.400721	2016-12-21 11:36:01.400721
46	20	30	2016-12-21 11:36:01.441518	2016-12-21 11:36:01.441518
47	2	32	2016-12-21 11:36:01.488574	2016-12-21 11:36:01.488574
48	3	32	2016-12-21 11:36:01.489748	2016-12-21 11:36:01.489748
49	2	33	2016-12-21 11:36:01.509909	2016-12-21 11:36:01.509909
50	3	33	2016-12-21 11:36:01.511003	2016-12-21 11:36:01.511003
51	21	34	2016-12-21 11:36:01.550625	2016-12-21 11:36:01.550625
52	8	34	2016-12-21 11:36:01.551714	2016-12-21 11:36:01.551714
53	2	35	2016-12-21 11:36:01.576756	2016-12-21 11:36:01.576756
54	6	35	2016-12-21 11:36:01.577854	2016-12-21 11:36:01.577854
55	12	35	2016-12-21 11:36:01.578857	2016-12-21 11:36:01.578857
56	22	36	2016-12-21 11:36:01.609744	2016-12-21 11:36:01.609744
57	17	37	2016-12-21 11:36:01.63229	2016-12-21 11:36:01.63229
58	2	38	2016-12-21 11:36:01.684013	2016-12-21 11:36:01.684013
59	17	38	2016-12-21 11:36:01.684922	2016-12-21 11:36:01.684922
60	17	39	2016-12-21 11:36:01.719073	2016-12-21 11:36:01.719073
61	23	40	2016-12-21 11:36:01.751994	2016-12-21 11:36:01.751994
62	17	40	2016-12-21 11:36:01.753101	2016-12-21 11:36:01.753101
63	23	41	2016-12-21 11:36:01.765419	2016-12-21 11:36:01.765419
64	17	41	2016-12-21 11:36:01.766302	2016-12-21 11:36:01.766302
65	1	42	2016-12-21 11:36:01.795166	2016-12-21 11:36:01.795166
66	8	43	2016-12-21 11:36:01.833566	2016-12-21 11:36:01.833566
67	24	43	2016-12-21 11:36:01.83464	2016-12-21 11:36:01.83464
68	2	45	2016-12-21 11:36:01.891869	2016-12-21 11:36:01.891869
69	25	45	2016-12-21 11:36:01.893009	2016-12-21 11:36:01.893009
70	19	46	2016-12-21 11:36:01.918948	2016-12-21 11:36:01.918948
71	2	47	2016-12-21 11:36:01.948524	2016-12-21 11:36:01.948524
72	3	47	2016-12-21 11:36:01.949582	2016-12-21 11:36:01.949582
73	25	49	2016-12-21 11:36:01.986768	2016-12-21 11:36:01.986768
74	2	50	2016-12-21 11:36:02.015277	2016-12-21 11:36:02.015277
75	2	51	2016-12-21 11:36:02.034745	2016-12-21 11:36:02.034745
76	2	52	2016-12-21 11:36:02.06525	2016-12-21 11:36:02.06525
77	9	52	2016-12-21 11:36:02.066345	2016-12-21 11:36:02.066345
78	16	53	2016-12-21 11:36:02.094451	2016-12-21 11:36:02.094451
79	26	54	2016-12-21 11:36:02.122406	2016-12-21 11:36:02.122406
80	19	55	2016-12-21 11:36:02.150776	2016-12-21 11:36:02.150776
81	17	56	2016-12-21 11:36:02.179631	2016-12-21 11:36:02.179631
82	2	56	2016-12-21 11:36:02.180785	2016-12-21 11:36:02.180785
83	2	57	2016-12-21 11:36:02.217109	2016-12-21 11:36:02.217109
84	3	57	2016-12-21 11:36:02.218321	2016-12-21 11:36:02.218321
85	27	57	2016-12-21 11:36:02.219375	2016-12-21 11:36:02.219375
86	28	58	2016-12-21 11:36:02.261318	2016-12-21 11:36:02.261318
87	2	59	2016-12-21 11:36:02.2833	2016-12-21 11:36:02.2833
88	29	60	2016-12-21 11:36:02.320482	2016-12-21 11:36:02.320482
89	6	61	2016-12-21 11:36:02.344182	2016-12-21 11:36:02.344182
90	2	61	2016-12-21 11:36:02.34529	2016-12-21 11:36:02.34529
91	30	62	2016-12-21 11:36:02.383327	2016-12-21 11:36:02.383327
92	31	63	2016-12-21 11:36:02.414726	2016-12-21 11:36:02.414726
93	2	64	2016-12-21 11:36:02.451777	2016-12-21 11:36:02.451777
94	12	64	2016-12-21 11:36:02.452627	2016-12-21 11:36:02.452627
95	2	65	2016-12-21 11:36:02.487634	2016-12-21 11:36:02.487634
96	3	65	2016-12-21 11:36:02.48872	2016-12-21 11:36:02.48872
97	13	66	2016-12-21 11:36:02.513073	2016-12-21 11:36:02.513073
98	2	66	2016-12-21 11:36:02.51419	2016-12-21 11:36:02.51419
99	13	67	2016-12-21 11:36:02.542339	2016-12-21 11:36:02.542339
100	8	68	2016-12-21 11:36:02.569757	2016-12-21 11:36:02.569757
101	32	69	2016-12-21 11:36:02.605374	2016-12-21 11:36:02.605374
102	9	70	2016-12-21 11:36:02.626653	2016-12-21 11:36:02.626653
103	10	71	2016-12-21 11:36:02.654402	2016-12-21 11:36:02.654402
104	11	72	2016-12-21 11:36:02.681971	2016-12-21 11:36:02.681971
105	18	73	2016-12-21 11:36:02.709816	2016-12-21 11:36:02.709816
106	2	74	2016-12-21 11:36:02.737138	2016-12-21 11:36:02.737138
107	2	75	2016-12-21 11:36:02.766578	2016-12-21 11:36:02.766578
108	11	75	2016-12-21 11:36:02.767688	2016-12-21 11:36:02.767688
109	33	76	2016-12-21 11:36:02.798749	2016-12-21 11:36:02.798749
110	23	77	2016-12-21 11:36:02.831582	2016-12-21 11:36:02.831582
111	2	78	2016-12-21 11:36:02.854794	2016-12-21 11:36:02.854794
112	23	78	2016-12-21 11:36:02.855897	2016-12-21 11:36:02.855897
113	2	79	2016-12-21 11:36:02.8833	2016-12-21 11:36:02.8833
114	18	80	2016-12-21 11:36:02.905899	2016-12-21 11:36:02.905899
115	8	81	2016-12-21 11:36:02.937199	2016-12-21 11:36:02.937199
116	34	81	2016-12-21 11:36:02.938192	2016-12-21 11:36:02.938192
117	24	82	2016-12-21 11:36:02.958831	2016-12-21 11:36:02.958831
118	8	83	2016-12-21 11:36:02.98388	2016-12-21 11:36:02.98388
119	2	83	2016-12-21 11:36:02.984816	2016-12-21 11:36:02.984816
120	19	84	2016-12-21 11:36:03.022048	2016-12-21 11:36:03.022048
121	8	85	2016-12-21 11:36:03.045065	2016-12-21 11:36:03.045065
122	13	85	2016-12-21 11:36:03.046113	2016-12-21 11:36:03.046113
123	13	86	2016-12-21 11:36:03.074012	2016-12-21 11:36:03.074012
124	13	87	2016-12-21 11:36:03.095417	2016-12-21 11:36:03.095417
125	8	87	2016-12-21 11:36:03.096477	2016-12-21 11:36:03.096477
126	2	88	2016-12-21 11:36:03.147136	2016-12-21 11:36:03.147136
127	2	89	2016-12-21 11:36:03.171834	2016-12-21 11:36:03.171834
128	25	89	2016-12-21 11:36:03.172926	2016-12-21 11:36:03.172926
129	2	90	2016-12-21 11:36:03.222998	2016-12-21 11:36:03.222998
130	2	91	2016-12-21 11:36:03.248079	2016-12-21 11:36:03.248079
131	13	91	2016-12-21 11:36:03.24914	2016-12-21 11:36:03.24914
132	13	92	2016-12-21 11:36:03.271735	2016-12-21 11:36:03.271735
133	18	93	2016-12-21 11:36:03.311093	2016-12-21 11:36:03.311093
134	7	95	2016-12-21 11:36:03.358524	2016-12-21 11:36:03.358524
135	2	96	2016-12-21 11:36:03.387567	2016-12-21 11:36:03.387567
136	14	96	2016-12-21 11:36:03.388647	2016-12-21 11:36:03.388647
137	35	97	2016-12-21 11:36:03.420031	2016-12-21 11:36:03.420031
138	34	98	2016-12-21 11:36:03.444763	2016-12-21 11:36:03.444763
139	2	99	2016-12-21 11:36:03.466307	2016-12-21 11:36:03.466307
140	3	99	2016-12-21 11:36:03.467558	2016-12-21 11:36:03.467558
141	17	100	2016-12-21 11:36:03.499734	2016-12-21 11:36:03.499734
142	8	101	2016-12-21 11:36:03.52107	2016-12-21 11:36:03.52107
143	34	102	2016-12-21 11:36:03.539025	2016-12-21 11:36:03.539025
144	2	103	2016-12-21 11:36:03.560305	2016-12-21 11:36:03.560305
145	25	103	2016-12-21 11:36:03.561398	2016-12-21 11:36:03.561398
146	2	104	2016-12-21 11:36:03.60445	2016-12-21 11:36:03.60445
147	23	104	2016-12-21 11:36:03.6054	2016-12-21 11:36:03.6054
148	10	104	2016-12-21 11:36:03.606257	2016-12-21 11:36:03.606257
149	2	105	2016-12-21 11:36:03.624157	2016-12-21 11:36:03.624157
150	3	105	2016-12-21 11:36:03.625084	2016-12-21 11:36:03.625084
151	8	105	2016-12-21 11:36:03.625922	2016-12-21 11:36:03.625922
152	1	105	2016-12-21 11:36:03.62673	2016-12-21 11:36:03.62673
153	2	106	2016-12-21 11:36:03.657609	2016-12-21 11:36:03.657609
154	23	106	2016-12-21 11:36:03.658678	2016-12-21 11:36:03.658678
155	1	107	2016-12-21 11:36:03.668618	2016-12-21 11:36:03.668618
156	2	108	2016-12-21 11:36:03.709844	2016-12-21 11:36:03.709844
157	2	109	2016-12-21 11:36:03.719913	2016-12-21 11:36:03.719913
158	2	110	2016-12-21 11:36:03.748415	2016-12-21 11:36:03.748415
159	2	111	2016-12-21 11:36:03.767482	2016-12-21 11:36:03.767482
160	2	112	2016-12-21 11:36:03.797667	2016-12-21 11:36:03.797667
161	16	113	2016-12-21 11:36:03.823096	2016-12-21 11:36:03.823096
162	15	114	2016-12-21 11:36:03.844202	2016-12-21 11:36:03.844202
163	19	115	2016-12-21 11:36:03.879008	2016-12-21 11:36:03.879008
164	2	116	2016-12-21 11:36:03.903769	2016-12-21 11:36:03.903769
165	2	117	2016-12-21 11:36:03.949835	2016-12-21 11:36:03.949835
166	25	117	2016-12-21 11:36:03.950719	2016-12-21 11:36:03.950719
167	2	118	2016-12-21 11:36:03.973306	2016-12-21 11:36:03.973306
168	36	119	2016-12-21 11:36:04.002064	2016-12-21 11:36:04.002064
169	37	120	2016-12-21 11:36:04.055824	2016-12-21 11:36:04.055824
170	37	121	2016-12-21 11:36:04.071372	2016-12-21 11:36:04.071372
171	37	122	2016-12-21 11:36:04.097306	2016-12-21 11:36:04.097306
172	8	123	2016-12-21 11:36:04.153252	2016-12-21 11:36:04.153252
173	37	123	2016-12-21 11:36:04.154831	2016-12-21 11:36:04.154831
174	2	124	2016-12-21 11:36:04.185163	2016-12-21 11:36:04.185163
175	2	125	2016-12-21 11:36:04.213084	2016-12-21 11:36:04.213084
176	2	126	2016-12-21 11:36:04.233288	2016-12-21 11:36:04.233288
177	9	126	2016-12-21 11:36:04.23463	2016-12-21 11:36:04.23463
178	2	127	2016-12-21 11:36:04.254912	2016-12-21 11:36:04.254912
179	2	128	2016-12-21 11:36:04.28897	2016-12-21 11:36:04.28897
180	3	128	2016-12-21 11:36:04.289898	2016-12-21 11:36:04.289898
181	27	128	2016-12-21 11:36:04.290737	2016-12-21 11:36:04.290737
182	2	129	2016-12-21 11:36:04.317661	2016-12-21 11:36:04.317661
183	3	129	2016-12-21 11:36:04.318785	2016-12-21 11:36:04.318785
184	1	129	2016-12-21 11:36:04.319668	2016-12-21 11:36:04.319668
185	2	130	2016-12-21 11:36:04.34566	2016-12-21 11:36:04.34566
186	2	131	2016-12-21 11:36:04.372344	2016-12-21 11:36:04.372344
187	2	132	2016-12-21 11:36:04.421199	2016-12-21 11:36:04.421199
188	38	132	2016-12-21 11:36:04.422247	2016-12-21 11:36:04.422247
189	2	133	2016-12-21 11:36:04.458482	2016-12-21 11:36:04.458482
190	29	133	2016-12-21 11:36:04.459696	2016-12-21 11:36:04.459696
191	2	134	2016-12-21 11:36:04.485799	2016-12-21 11:36:04.485799
192	39	134	2016-12-21 11:36:04.486889	2016-12-21 11:36:04.486889
193	6	134	2016-12-21 11:36:04.487948	2016-12-21 11:36:04.487948
194	2	135	2016-12-21 11:36:04.52375	2016-12-21 11:36:04.52375
195	38	135	2016-12-21 11:36:04.524787	2016-12-21 11:36:04.524787
196	17	136	2016-12-21 11:36:04.536104	2016-12-21 11:36:04.536104
197	2	136	2016-12-21 11:36:04.537019	2016-12-21 11:36:04.537019
198	2	137	2016-12-21 11:36:04.567052	2016-12-21 11:36:04.567052
199	37	137	2016-12-21 11:36:04.568137	2016-12-21 11:36:04.568137
200	2	138	2016-12-21 11:36:04.587968	2016-12-21 11:36:04.587968
201	2	139	2016-12-21 11:36:04.620802	2016-12-21 11:36:04.620802
202	2	140	2016-12-21 11:36:04.640933	2016-12-21 11:36:04.640933
203	2	141	2016-12-21 11:36:04.66089	2016-12-21 11:36:04.66089
204	9	141	2016-12-21 11:36:04.662015	2016-12-21 11:36:04.662015
205	2	142	2016-12-21 11:36:04.681542	2016-12-21 11:36:04.681542
206	2	143	2016-12-21 11:36:04.704228	2016-12-21 11:36:04.704228
207	6	143	2016-12-21 11:36:04.705172	2016-12-21 11:36:04.705172
208	5	143	2016-12-21 11:36:04.706124	2016-12-21 11:36:04.706124
209	2	144	2016-12-21 11:36:04.740182	2016-12-21 11:36:04.740182
210	2	145	2016-12-21 11:36:04.77765	2016-12-21 11:36:04.77765
211	40	146	2016-12-21 11:36:04.809438	2016-12-21 11:36:04.809438
212	8	147	2016-12-21 11:36:04.843451	2016-12-21 11:36:04.843451
213	27	148	2016-12-21 11:36:04.878435	2016-12-21 11:36:04.878435
214	27	149	2016-12-21 11:36:04.927686	2016-12-21 11:36:04.927686
215	17	150	2016-12-21 11:36:04.949775	2016-12-21 11:36:04.949775
216	2	151	2016-12-21 11:36:04.979435	2016-12-21 11:36:04.979435
217	7	151	2016-12-21 11:36:04.98052	2016-12-21 11:36:04.98052
218	5	152	2016-12-21 11:36:05.005547	2016-12-21 11:36:05.005547
219	6	152	2016-12-21 11:36:05.006791	2016-12-21 11:36:05.006791
220	2	152	2016-12-21 11:36:05.007678	2016-12-21 11:36:05.007678
221	2	153	2016-12-21 11:36:05.031943	2016-12-21 11:36:05.031943
222	4	153	2016-12-21 11:36:05.033159	2016-12-21 11:36:05.033159
223	2	154	2016-12-21 11:36:05.061283	2016-12-21 11:36:05.061283
224	25	155	2016-12-21 11:36:05.079947	2016-12-21 11:36:05.079947
225	19	157	2016-12-21 11:36:05.133368	2016-12-21 11:36:05.133368
226	19	158	2016-12-21 11:36:05.172463	2016-12-21 11:36:05.172463
227	41	160	2016-12-21 11:36:05.220244	2016-12-21 11:36:05.220244
228	8	161	2016-12-21 11:36:05.24895	2016-12-21 11:36:05.24895
229	42	162	2016-12-21 11:36:05.286038	2016-12-21 11:36:05.286038
230	8	163	2016-12-21 11:36:05.321412	2016-12-21 11:36:05.321412
231	43	163	2016-12-21 11:36:05.322508	2016-12-21 11:36:05.322508
232	37	164	2016-12-21 11:36:05.346072	2016-12-21 11:36:05.346072
233	42	165	2016-12-21 11:36:05.375394	2016-12-21 11:36:05.375394
234	2	166	2016-12-21 11:36:05.403094	2016-12-21 11:36:05.403094
235	2	167	2016-12-21 11:36:05.430185	2016-12-21 11:36:05.430185
236	2	168	2016-12-21 11:36:05.466584	2016-12-21 11:36:05.466584
237	6	169	2016-12-21 11:36:05.490622	2016-12-21 11:36:05.490622
238	2	169	2016-12-21 11:36:05.491712	2016-12-21 11:36:05.491712
239	2	170	2016-12-21 11:36:05.519512	2016-12-21 11:36:05.519512
240	38	171	2016-12-21 11:36:05.547263	2016-12-21 11:36:05.547263
241	2	172	2016-12-21 11:36:05.577779	2016-12-21 11:36:05.577779
242	44	172	2016-12-21 11:36:05.578976	2016-12-21 11:36:05.578976
243	29	172	2016-12-21 11:36:05.580087	2016-12-21 11:36:05.580087
244	2	173	2016-12-21 11:36:05.600611	2016-12-21 11:36:05.600611
245	13	173	2016-12-21 11:36:05.601808	2016-12-21 11:36:05.601808
246	8	173	2016-12-21 11:36:05.602897	2016-12-21 11:36:05.602897
247	2	174	2016-12-21 11:36:05.622176	2016-12-21 11:36:05.622176
248	2	175	2016-12-21 11:36:05.643716	2016-12-21 11:36:05.643716
249	38	176	2016-12-21 11:36:05.673823	2016-12-21 11:36:05.673823
250	8	176	2016-12-21 11:36:05.674925	2016-12-21 11:36:05.674925
251	45	177	2016-12-21 11:36:05.712066	2016-12-21 11:36:05.712066
252	19	178	2016-12-21 11:36:05.734849	2016-12-21 11:36:05.734849
253	37	179	2016-12-21 11:36:05.753946	2016-12-21 11:36:05.753946
254	37	180	2016-12-21 11:36:05.78515	2016-12-21 11:36:05.78515
255	2	181	2016-12-21 11:36:05.804752	2016-12-21 11:36:05.804752
256	3	181	2016-12-21 11:36:05.805858	2016-12-21 11:36:05.805858
257	43	182	2016-12-21 11:36:05.834869	2016-12-21 11:36:05.834869
258	42	186	2016-12-21 11:36:05.920794	2016-12-21 11:36:05.920794
259	8	188	2016-12-21 11:36:05.972907	2016-12-21 11:36:05.972907
260	2	189	2016-12-21 11:36:06.000424	2016-12-21 11:36:06.000424
261	11	190	2016-12-21 11:36:06.040107	2016-12-21 11:36:06.040107
262	11	191	2016-12-21 11:36:06.062123	2016-12-21 11:36:06.062123
263	13	192	2016-12-21 11:36:06.08974	2016-12-21 11:36:06.08974
264	9	193	2016-12-21 11:36:06.119253	2016-12-21 11:36:06.119253
265	31	193	2016-12-21 11:36:06.120375	2016-12-21 11:36:06.120375
266	16	194	2016-12-21 11:36:06.143289	2016-12-21 11:36:06.143289
267	2	195	2016-12-21 11:36:06.192205	2016-12-21 11:36:06.192205
268	46	195	2016-12-21 11:36:06.19334	2016-12-21 11:36:06.19334
269	9	196	2016-12-21 11:36:06.207291	2016-12-21 11:36:06.207291
270	2	197	2016-12-21 11:36:06.247132	2016-12-21 11:36:06.247132
271	47	197	2016-12-21 11:36:06.248273	2016-12-21 11:36:06.248273
272	14	198	2016-12-21 11:36:06.27141	2016-12-21 11:36:06.27141
273	18	199	2016-12-21 11:36:06.313956	2016-12-21 11:36:06.313956
274	2	200	2016-12-21 11:36:06.328814	2016-12-21 11:36:06.328814
275	27	200	2016-12-21 11:36:06.329908	2016-12-21 11:36:06.329908
276	9	201	2016-12-21 11:36:06.36046	2016-12-21 11:36:06.36046
277	4	201	2016-12-21 11:36:06.361877	2016-12-21 11:36:06.361877
278	2	202	2016-12-21 11:36:06.381583	2016-12-21 11:36:06.381583
279	9	202	2016-12-21 11:36:06.382762	2016-12-21 11:36:06.382762
280	2	204	2016-12-21 11:36:06.437606	2016-12-21 11:36:06.437606
281	8	205	2016-12-21 11:36:06.466337	2016-12-21 11:36:06.466337
282	2	207	2016-12-21 11:36:06.520845	2016-12-21 11:36:06.520845
283	45	207	2016-12-21 11:36:06.521964	2016-12-21 11:36:06.521964
284	9	208	2016-12-21 11:36:06.561503	2016-12-21 11:36:06.561503
285	48	209	2016-12-21 11:36:06.594134	2016-12-21 11:36:06.594134
286	30	210	2016-12-21 11:36:06.615885	2016-12-21 11:36:06.615885
287	8	211	2016-12-21 11:36:06.635594	2016-12-21 11:36:06.635594
288	9	212	2016-12-21 11:36:06.664972	2016-12-21 11:36:06.664972
289	6	213	2016-12-21 11:36:06.705706	2016-12-21 11:36:06.705706
290	2	213	2016-12-21 11:36:06.706808	2016-12-21 11:36:06.706808
291	40	214	2016-12-21 11:36:06.718474	2016-12-21 11:36:06.718474
292	9	215	2016-12-21 11:36:06.77948	2016-12-21 11:36:06.77948
293	37	217	2016-12-21 11:36:06.833988	2016-12-21 11:36:06.833988
294	2	218	2016-12-21 11:36:06.85814	2016-12-21 11:36:06.85814
295	3	218	2016-12-21 11:36:06.859246	2016-12-21 11:36:06.859246
296	22	219	2016-12-21 11:36:06.882252	2016-12-21 11:36:06.882252
297	2	220	2016-12-21 11:36:06.904373	2016-12-21 11:36:06.904373
298	3	220	2016-12-21 11:36:06.905395	2016-12-21 11:36:06.905395
299	27	220	2016-12-21 11:36:06.906268	2016-12-21 11:36:06.906268
300	2	221	2016-12-21 11:36:06.947868	2016-12-21 11:36:06.947868
301	49	221	2016-12-21 11:36:06.949234	2016-12-21 11:36:06.949234
302	8	222	2016-12-21 11:36:06.982771	2016-12-21 11:36:06.982771
303	2	222	2016-12-21 11:36:06.983883	2016-12-21 11:36:06.983883
304	50	222	2016-12-21 11:36:06.9849	2016-12-21 11:36:06.9849
305	23	223	2016-12-21 11:36:07.034331	2016-12-21 11:36:07.034331
306	8	224	2016-12-21 11:36:07.0584	2016-12-21 11:36:07.0584
307	9	224	2016-12-21 11:36:07.059489	2016-12-21 11:36:07.059489
308	2	225	2016-12-21 11:36:07.07931	2016-12-21 11:36:07.07931
309	47	225	2016-12-21 11:36:07.080427	2016-12-21 11:36:07.080427
310	9	226	2016-12-21 11:36:07.109669	2016-12-21 11:36:07.109669
311	8	227	2016-12-21 11:36:07.13727	2016-12-21 11:36:07.13727
312	16	228	2016-12-21 11:36:07.166799	2016-12-21 11:36:07.166799
313	19	228	2016-12-21 11:36:07.167924	2016-12-21 11:36:07.167924
314	48	229	2016-12-21 11:36:07.191237	2016-12-21 11:36:07.191237
315	24	232	2016-12-21 11:36:07.253193	2016-12-21 11:36:07.253193
\.


--
-- Name: categorizations_id_seq; Type: SEQUENCE SET; Schema: public; Owner: gstark
--

SELECT pg_catalog.setval('categorizations_id_seq', 315, true);


--
-- Data for Name: schema_migrations; Type: TABLE DATA; Schema: public; Owner: gstark
--

COPY schema_migrations (version) FROM stdin;
20160905113606
20160905113111
20160905113459
20160905113511
20160905113536
\.


--
-- Name: ar_internal_metadata ar_internal_metadata_pkey; Type: CONSTRAINT; Schema: public; Owner: gstark
--

ALTER TABLE ONLY ar_internal_metadata
    ADD CONSTRAINT ar_internal_metadata_pkey PRIMARY KEY (key);


--
-- Name: authors authors_pkey; Type: CONSTRAINT; Schema: public; Owner: gstark
--

ALTER TABLE ONLY authors
    ADD CONSTRAINT authors_pkey PRIMARY KEY (id);


--
-- Name: authorships authorships_pkey; Type: CONSTRAINT; Schema: public; Owner: gstark
--

ALTER TABLE ONLY authorships
    ADD CONSTRAINT authorships_pkey PRIMARY KEY (id);


--
-- Name: books books_pkey; Type: CONSTRAINT; Schema: public; Owner: gstark
--

ALTER TABLE ONLY books
    ADD CONSTRAINT books_pkey PRIMARY KEY (id);


--
-- Name: categories categories_pkey; Type: CONSTRAINT; Schema: public; Owner: gstark
--

ALTER TABLE ONLY categories
    ADD CONSTRAINT categories_pkey PRIMARY KEY (id);


--
-- Name: categorizations categorizations_pkey; Type: CONSTRAINT; Schema: public; Owner: gstark
--

ALTER TABLE ONLY categorizations
    ADD CONSTRAINT categorizations_pkey PRIMARY KEY (id);


--
-- Name: schema_migrations schema_migrations_pkey; Type: CONSTRAINT; Schema: public; Owner: gstark
--

ALTER TABLE ONLY schema_migrations
    ADD CONSTRAINT schema_migrations_pkey PRIMARY KEY (version);


--
-- Name: index_authorships_on_author_id; Type: INDEX; Schema: public; Owner: gstark
--

CREATE INDEX index_authorships_on_author_id ON authorships USING btree (author_id);


--
-- Name: index_authorships_on_book_id; Type: INDEX; Schema: public; Owner: gstark
--

CREATE INDEX index_authorships_on_book_id ON authorships USING btree (book_id);


--
-- Name: index_categorizations_on_book_id; Type: INDEX; Schema: public; Owner: gstark
--

CREATE INDEX index_categorizations_on_book_id ON categorizations USING btree (book_id);


--
-- Name: index_categorizations_on_category_id; Type: INDEX; Schema: public; Owner: gstark
--

CREATE INDEX index_categorizations_on_category_id ON categorizations USING btree (category_id);


--
-- Name: categorizations fk_rails_494d06a06d; Type: FK CONSTRAINT; Schema: public; Owner: gstark
--

ALTER TABLE ONLY categorizations
    ADD CONSTRAINT fk_rails_494d06a06d FOREIGN KEY (book_id) REFERENCES books(id);


--
-- Name: categorizations fk_rails_5a40b79a1d; Type: FK CONSTRAINT; Schema: public; Owner: gstark
--

ALTER TABLE ONLY categorizations
    ADD CONSTRAINT fk_rails_5a40b79a1d FOREIGN KEY (category_id) REFERENCES categories(id);


--
-- Name: authorships fk_rails_925f77f584; Type: FK CONSTRAINT; Schema: public; Owner: gstark
--

ALTER TABLE ONLY authorships
    ADD CONSTRAINT fk_rails_925f77f584 FOREIGN KEY (author_id) REFERENCES authors(id);


--
-- Name: authorships fk_rails_a96d89f9ee; Type: FK CONSTRAINT; Schema: public; Owner: gstark
--

ALTER TABLE ONLY authorships
    ADD CONSTRAINT fk_rails_a96d89f9ee FOREIGN KEY (book_id) REFERENCES books(id);


--
-- PostgreSQL database dump complete
--
